1000.jpg,1
1028.jpg,1
1029.jpg,1
1030.jpg,1
1031.jpg,1
1032.jpg,1
1033.jpg,1
1034.jpg,1
1035.jpg,1
1036.jpg,1
1037.jpg,1
1038.jpg,1
1039.jpg,1
1040.jpg,1
1119.jpg,1
1120.jpg,1
1121.jpg,1
1122.jpg,1
1123.jpg,1
1124.jpg,1
1125.jpg,1
1126.jpg,1
1127.jpg,1
1128.jpg,1
1129.jpg,1
1130.jpg,1
1131.jpg,1
1147.jpg,1
1148.jpg,1
1149.jpg,1
1150.jpg,1
1151.jpg,1
1152.jpg,1
1153.jpg,1
1154.jpg,1
1155.jpg,1
1156.jpg,1
1245.jpg,1
1246.jpg,1
1247.jpg,1
1248.jpg,1
1249.jpg,1
1250.jpg,1
1251.jpg,1
1252.jpg,1
1253.jpg,1
1254.jpg,1
1255.jpg,1
1256.jpg,1
1257.jpg,1
1279.jpg,1
1280.jpg,1
1281.jpg,1
1282.jpg,1
1283.jpg,1
1284.jpg,1
1285.jpg,1
1286.jpg,1
1287.jpg,1
1288.jpg,1
1366.jpg,1
1367.jpg,1
1368.jpg,1
1369.jpg,1
1370.jpg,1
1371.jpg,1
1372.jpg,1
1373.jpg,1
1374.jpg,1
1375.jpg,1
1492.jpg,1
1493.jpg,1
1494.jpg,1
1495.jpg,1
1496.jpg,1
1497.jpg,1
1498.jpg,1
1499.jpg,1
1500.jpg,1
1501.jpg,1
1609.jpg,1
1610.jpg,1
1611.jpg,1
1612.jpg,1
1613.jpg,1
1614.jpg,1
1615.jpg,1
1616.jpg,1
1617.jpg,1
1618.jpg,1
1619.jpg,1
1620.jpg,1
1621.jpg,1
1622.jpg,1
1623.jpg,1
1624.jpg,1
1638.jpg,1
1639.jpg,1
1640.jpg,1
1641.jpg,1
1642.jpg,1
1643.jpg,1
1650.jpg,1
1651.jpg,1
1652.jpg,1
1653.jpg,1
1742.jpg,1
1743.jpg,1
1744.jpg,1
1745.jpg,1
1746.jpg,1
1747.jpg,1
1748.jpg,1
1749.jpg,1
1750.jpg,1
1751.jpg,1
1752.jpg,1
1865.jpg,1
1866.jpg,1
1867.jpg,1
1868.jpg,1
1869.jpg,1
1870.jpg,1
1871.jpg,1
1872.jpg,1
1873.jpg,1
1874.jpg,1
1875.jpg,1
1876.jpg,1
1877.jpg,1
1893.jpg,1
1894.jpg,1
1895.jpg,1
1896.jpg,1
1897.jpg,1
1898.jpg,1
1899.jpg,1
1900.jpg,1
1901.jpg,1
1994.jpg,1
1995.jpg,1
1996.jpg,1
1997.jpg,1
1998.jpg,1
1999.jpg,1
2000.jpg,1
2001.jpg,1
2002.jpg,1
2003.jpg,1
2004.jpg,1
2005.jpg,1
2006.jpg,1
2007.jpg,1
250.jpg,1
251.jpg,1
252.jpg,1
253.jpg,1
254.jpg,1
255.jpg,1
256.jpg,1
257.jpg,1
258.jpg,1
259.jpg,1
260.jpg,1
261.jpg,1
262.jpg,1
263.jpg,1
264.jpg,1
265.jpg,1
269.jpg,1
270.jpg,1
271.jpg,1
272.jpg,1
273.jpg,1
274.jpg,1
275.jpg,1
276.jpg,1
282.jpg,1
283.jpg,1
284.jpg,1
285.jpg,1
286.jpg,1
287.jpg,1
3224.jpg,1
3225.jpg,1
3226.jpg,1
3227.jpg,1
3228.jpg,1
3229.jpg,1
3230.jpg,1
3231.jpg,1
3232.jpg,1
3238.jpg,1
3239.jpg,1
3240.jpg,1
3241.jpg,1
3263.jpg,1
3264.jpg,1
3265.jpg,1
3266.jpg,1
3267.jpg,1
3268.jpg,1
3269.jpg,1
3270.jpg,1
3271.jpg,1
3331.jpg,1
3332.jpg,1
3333.jpg,1
3334.jpg,1
3335.jpg,1
3336.jpg,1
3337.jpg,1
3338.jpg,1
3339.jpg,1
3489.jpg,1
3490.jpg,1
3491.jpg,1
3492.jpg,1
3493.jpg,1
3494.jpg,1
3495.jpg,1
3496.jpg,1
3628.jpg,1
3629.jpg,1
3630.jpg,1
3631.jpg,1
3632.jpg,1
3633.jpg,1
3634.jpg,1
3635.jpg,1
367.jpg,1
368.jpg,1
369.jpg,1
370.jpg,1
371.jpg,1
372.jpg,1
373.jpg,1
374.jpg,1
375.jpg,1
376.jpg,1
377.jpg,1
378.jpg,1
379.jpg,1
380.jpg,1
3835.jpg,1
3836.jpg,1
3837.jpg,1
3838.jpg,1
3839.jpg,1
3840.jpg,1
3841.jpg,1
3842.jpg,1
3873.jpg,1
3874.jpg,1
3875.jpg,1
3876.jpg,1
3877.jpg,1
3878.jpg,1
3879.jpg,1
388.jpg,1
3880.jpg,1
3881.jpg,1
3882.jpg,1
389.jpg,1
390.jpg,1
391.jpg,1
392.jpg,1
393.jpg,1
394.jpg,1
395.jpg,1
396.jpg,1
397.jpg,1
398.jpg,1
399.jpg,1
4357.jpg,1
4358.jpg,1
4359.jpg,1
4360.jpg,1
4361.jpg,1
4362.jpg,1
4363.jpg,1
4369.jpg,1
4370.jpg,1
4371.jpg,1
4372.jpg,1
4373.jpg,1
4374.jpg,1
4375.jpg,1
4376.jpg,1
4393.jpg,1
4394.jpg,1
4395.jpg,1
4396.jpg,1
4397.jpg,1
4398.jpg,1
4399.jpg,1
4400.jpg,1
4401.jpg,1
4463.jpg,1
4464.jpg,1
4465.jpg,1
4466.jpg,1
4467.jpg,1
4468.jpg,1
4469.jpg,1
4470.jpg,1
4471.jpg,1
494.jpg,1
495.jpg,1
496.jpg,1
497.jpg,1
498.jpg,1
499.jpg,1
500.jpg,1
5001.jpg,1
5002.jpg,1
5003.jpg,1
5004.jpg,1
5005.jpg,1
5006.jpg,1
5007.jpg,1
5008.jpg,1
501.jpg,1
502.jpg,1
503.jpg,1
504.jpg,1
505.jpg,1
506.jpg,1
507.jpg,1
508.jpg,1
509.jpg,1
5102.jpg,1
5103.jpg,1
5104.jpg,1
5105.jpg,1
5106.jpg,1
5107.jpg,1
5108.jpg,1
5109.jpg,1
5110.jpg,1
5111.jpg,1
5112.jpg,1
5113.jpg,1
532.jpg,1
533.jpg,1
534.jpg,1
535.jpg,1
536.jpg,1
537.jpg,1
538.jpg,1
539.jpg,1
540.jpg,1
541.jpg,1
542.jpg,1
543.jpg,1
544.jpg,1
6131.jpg,1
6132.jpg,1
6133.jpg,1
6134.jpg,1
6135.jpg,1
6136.jpg,1
6137.jpg,1
6138.jpg,1
6139.jpg,1
6140.jpg,1
6141.jpg,1
6142.jpg,1
6143.jpg,1
616.jpg,1
617.jpg,1
618.jpg,1
619.jpg,1
620.jpg,1
621.jpg,1
622.jpg,1
6225.jpg,1
6226.jpg,1
6227.jpg,1
6228.jpg,1
6229.jpg,1
623.jpg,1
6230.jpg,1
6231.jpg,1
6232.jpg,1
6233.jpg,1
6234.jpg,1
6235.jpg,1
6236.jpg,1
6237.jpg,1
6238.jpg,1
6239.jpg,1
624.jpg,1
625.jpg,1
626.jpg,1
627.jpg,1
628.jpg,1
629.jpg,1
630.jpg,1
642.jpg,1
643.jpg,1
644.jpg,1
645.jpg,1
646.jpg,1
647.jpg,1
648.jpg,1
649.jpg,1
650.jpg,1
651.jpg,1
652.jpg,1
653.jpg,1
654.jpg,1
6599.jpg,1
6600.jpg,1
6601.jpg,1
6602.jpg,1
6603.jpg,1
6604.jpg,1
6605.jpg,1
6606.jpg,1
6607.jpg,1
6608.jpg,1
6609.jpg,1
6610.jpg,1
6611.jpg,1
6649.jpg,1
6650.jpg,1
6651.jpg,1
6652.jpg,1
6653.jpg,1
6654.jpg,1
6655.jpg,1
6656.jpg,1
6657.jpg,1
6658.jpg,1
6659.jpg,1
6660.jpg,1
6661.jpg,1
738.jpg,1
739.jpg,1
740.jpg,1
7400.jpg,1
7401.jpg,1
7402.jpg,1
7403.jpg,1
7404.jpg,1
7405.jpg,1
7406.jpg,1
7407.jpg,1
7408.jpg,1
741.jpg,1
742.jpg,1
7429.jpg,1
743.jpg,1
7430.jpg,1
7431.jpg,1
7432.jpg,1
7433.jpg,1
7434.jpg,1
7435.jpg,1
7436.jpg,1
7437.jpg,1
7438.jpg,1
7439.jpg,1
744.jpg,1
7440.jpg,1
7441.jpg,1
7442.jpg,1
7443.jpg,1
7444.jpg,1
745.jpg,1
746.jpg,1
747.jpg,1
748.jpg,1
749.jpg,1
750.jpg,1
751.jpg,1
752.jpg,1
753.jpg,1
7890.jpg,1
7891.jpg,1
7892.jpg,1
7893.jpg,1
7894.jpg,1
7895.jpg,1
7896.jpg,1
7897.jpg,1
7898.jpg,1
7899.jpg,1
7900.jpg,1
7957.jpg,1
7958.jpg,1
7959.jpg,1
7960.jpg,1
7961.jpg,1
7962.jpg,1
7963.jpg,1
7964.jpg,1
7965.jpg,1
7966.jpg,1
7967.jpg,1
7968.jpg,1
7969.jpg,1
7970.jpg,1
7971.jpg,1
7972.jpg,1
7973.jpg,1
8552.jpg,1
8553.jpg,1
8554.jpg,1
8555.jpg,1
8556.jpg,1
8557.jpg,1
8563.jpg,1
8564.jpg,1
8565.jpg,1
8566.jpg,1
8573.jpg,1
8574.jpg,1
8575.jpg,1
8576.jpg,1
8577.jpg,1
8578.jpg,1
8608.jpg,1
8609.jpg,1
8610.jpg,1
8611.jpg,1
8612.jpg,1
8613.jpg,1
8614.jpg,1
8615.jpg,1
8616.jpg,1
8617.jpg,1
8618.jpg,1
864.jpg,1
865.jpg,1
866.jpg,1
867.jpg,1
868.jpg,1
869.jpg,1
870.jpg,1
871.jpg,1
872.jpg,1
873.jpg,1
874.jpg,1
875.jpg,1
876.jpg,1
877.jpg,1
908.jpg,1
909.jpg,1
910.jpg,1
911.jpg,1
912.jpg,1
913.jpg,1
914.jpg,1
915.jpg,1
916.jpg,1
917.jpg,1
918.jpg,1
919.jpg,1
991.jpg,1
992.jpg,1
993.jpg,1
994.jpg,1
995.jpg,1
996.jpg,1
997.jpg,1
998.jpg,1
999.jpg,1
87.jpg,0
1088.jpg,0
1089.jpg,0
109.jpg,0
1090.jpg,0
1091.jpg,0
1092.jpg,0
1093.jpg,0
1094.jpg,0
1095.jpg,0
1096.jpg,0
1097.jpg,0
1098.jpg,0
1099.jpg,0
11.jpg,0
110.jpg,0
1100.jpg,0
1101.jpg,0
1102.jpg,0
1103.jpg,0
1104.jpg,0
1105.jpg,0
1106.jpg,0
1107.jpg,0
1108.jpg,0
1109.jpg,0
111.jpg,0
1110.jpg,0
1111.jpg,0
1112.jpg,0
1113.jpg,0
1114.jpg,0
1115.jpg,0
1116.jpg,0
1117.jpg,0
1118.jpg,0
112.jpg,0
113.jpg,0
1132.jpg,0
1133.jpg,0
1134.jpg,0
1135.jpg,0
1136.jpg,0
1137.jpg,0
1138.jpg,0
1139.jpg,0
114.jpg,0
1140.jpg,0
1141.jpg,0
1142.jpg,0
1143.jpg,0
1144.jpg,0
1145.jpg,0
1146.jpg,0
115.jpg,0
1157.jpg,0
1158.jpg,0
1159.jpg,0
116.jpg,0
1160.jpg,0
1161.jpg,0
1162.jpg,0
1163.jpg,0
1164.jpg,0
1165.jpg,0
684.jpg,0
1685.jpg,0
1686.jpg,0
1687.jpg,0
1688.jpg,0
1689.jpg,0
169.jpg,0
1690.jpg,0
1691.jpg,0
1692.jpg,0
1693.jpg,0
1694.jpg,0
1695.jpg,0
1696.jpg,0
1697.jpg,0
1698.jpg,0
1699.jpg,0
17.jpg,0
170.jpg,0
1700.jpg,0
1701.jpg,0
1702.jpg,0
1703.jpg,0
1704.jpg,0
1705.jpg,0
1706.jpg,0
1707.jpg,0
1708.jpg,0
1709.jpg,0
171.jpg,0
1710.jpg,0
1711.jpg,0
1712.jpg,0
1713.jpg,0
1714.jpg,0
1715.jpg,0
1716.jpg,0
1717.jpg,0
1718.jpg,0
1719.jpg,0
172.jpg,0
1720.jpg,0
1721.jpg,0
1722.jpg,0
1723.jpg,0
1724.jpg,0
1725.jpg,0
1726.jpg,0
1727.jpg,0
1728.jpg,0
1729.jpg,0
173.jpg,0
1730.jpg,0
1731.jpg,0
1732.jpg,0
1733.jpg,0
1734.jpg,0
1735.jpg,0
1736.jpg,0
1737.jpg,0
1738.jpg,0
1739.jpg,0
174.jpg,0
1740.jpg,0
1741.jpg,0
175.jpg,0
1753.jpg,0
1754.jpg,0
1755.jpg,0
1756.jpg,0
1757.jpg,0
1758.jpg,0
1759.jpg,0
176.jpg,0
1760.jpg,0
1761.jpg,0
1762.jpg,0
1763.jpg,0
1764.jpg,0
1765.jpg,0
1766.jpg,0
1767.jpg,0
1768.jpg,0
1769.jpg,0
177.jpg,0
1770.jpg,0
1771.jpg,0
1772.jpg,0
1773.jpg,0
1774.jpg,0
1775.jpg,0
1776.jpg,0
1777.jpg,0
1778.jpg,0
1779.jpg,0
178.jpg,0
1780.jpg,0
1781.jpg,0
1782.jpg,0
1783.jpg,0
1784.jpg,0
1785.jpg,0
1786.jpg,0
1787.jpg,0
1788.jpg,0
1789.jpg,0
179.jpg,0
1790.jpg,0
1791.jpg,0
1792.jpg,0
1793.jpg,0
1794.jpg,0
1795.jpg,0
1796.jpg,0
1797.jpg,0
1798.jpg,0
1799.jpg,0
18.jpg,0
180.jpg,0
1800.jpg,0
1801.jpg,0
1802.jpg,0
1803.jpg,0
1804.jpg,0
1805.jpg,0
1806.jpg,0
1807.jpg,0
1808.jpg,0
1809.jpg,0
181.jpg,0
1810.jpg,0
1811.jpg,0
1812.jpg,0
1813.jpg,0
1814.jpg,0
1815.jpg,0
1816.jpg,0
1817.jpg,0
1818.jpg,0
1819.jpg,0
182.jpg,0
1820.jpg,0
1821.jpg,0
1822.jpg,0
1823.jpg,0
1824.jpg,0
1825.jpg,0
1826.jpg,0
1827.jpg,0
1828.jpg,0
1829.jpg,0
183.jpg,0
1830.jpg,0
1831.jpg,0
1832.jpg,0
1833.jpg,0
1834.jpg,0
1835.jpg,0
1836.jpg,0
1837.jpg,0
1838.jpg,0
1839.jpg,0
184.jpg,0
1840.jpg,0
1841.jpg,0
1842.jpg,0
1843.jpg,0
1844.jpg,0
1845.jpg,0
1846.jpg,0
1847.jpg,0
1848.jpg,0
1849.jpg,0
185.jpg,0
1850.jpg,0
1851.jpg,0
1852.jpg,0
1853.jpg,0
1854.jpg,0
1855.jpg,0
1856.jpg,0
1857.jpg,0
1858.jpg,0
1859.jpg,0
186.jpg,0
1860.jpg,0
1861.jpg,0
1862.jpg,0
1863.jpg,0
1864.jpg,0
187.jpg,0
1878.jpg,0
1879.jpg,0
188.jpg,0
1880.jpg,0
1881.jpg,0
1882.jpg,0
1883.jpg,0
1884.jpg,0
1885.jpg,0
1886.jpg,0
1887.jpg,0
1888.jpg,0
1889.jpg,0
189.jpg,0
1890.jpg,0
1891.jpg,0
1892.jpg,0
19.jpg,0
190.jpg,0
1902.jpg,0
1903.jpg,0
1904.jpg,0
1905.jpg,0
1906.jpg,0
1907.jpg,0
1908.jpg,0
1909.jpg,0
191.jpg,0
1910.jpg,0
1911.jpg,0
1912.jpg,0
1913.jpg,0
1914.jpg,0
1915.jpg,0
1916.jpg,0
1917.jpg,0
1918.jpg,0
4543.jpg,0
4544.jpg,0
4545.jpg,0
4546.jpg,0
4547.jpg,0
4548.jpg,0
4549.jpg,0
455.jpg,0
4550.jpg,0
4551.jpg,0
4552.jpg,0
4553.jpg,0
4554.jpg,0
4555.jpg,0
4556.jpg,0
4557.jpg,0
4558.jpg,0
4559.jpg,0
456.jpg,0
4560.jpg,0
4561.jpg,0
4562.jpg,0
4563.jpg,0
4564.jpg,0
4565.jpg,0
4566.jpg,0
4567.jpg,0
4568.jpg,0
4569.jpg,0
457.jpg,0
4570.jpg,0
4571.jpg,0
4572.jpg,0
4573.jpg,0
4574.jpg,0
4575.jpg,0
4576.jpg,0
4577.jpg,0
4578.jpg,0
4579.jpg,0
458.jpg,0
4580.jpg,0
5058.jpg,0
5059.jpg,0
5060.jpg,0
5061.jpg,0
5062.jpg,0
5063.jpg,0
5064.jpg,0
5065.jpg,0
5066.jpg,0
5067.jpg,0
5068.jpg,0
5069.jpg,0
5070.jpg,0
5071.jpg,0
5072.jpg,0
5073.jpg,0
5074.jpg,0
5075.jpg,0
5076.jpg,0
5077.jpg,0
5078.jpg,0
5079.jpg,0
5080.jpg,0
5081.jpg,0
5082.jpg,0
5083.jpg,0
5084.jpg,0
5085.jpg,0
5086.jpg,0
5087.jpg,0
5088.jpg,0
5089.jpg,0
5090.jpg,0
5091.jpg,0
5092.jpg,0
5093.jpg,0
5094.jpg,0
5095.jpg,0
5096.jpg,0
5097.jpg,0
5098.jpg,0
5099.jpg,0
51.jpg,0
510.jpg,0
5100.jpg,0
5101.jpg,0
511.jpg,0
5114.jpg,0
5115.jpg,0
5116.jpg,0
5117.jpg,0
5118.jpg,0
5119.jpg,0
512.jpg,0
5120.jpg,0
5121.jpg,0
5122.jpg,0
5123.jpg,0
5124.jpg,0
5125.jpg,0
5126.jpg,0
5127.jpg,0
5128.jpg,0
5129.jpg,0
513.jpg,0
5130.jpg,0
5131.jpg,0
5132.jpg,0
5133.jpg,0
5134.jpg,0
5135.jpg,0
5136.jpg,0
5137.jpg,0
5138.jpg,0
5139.jpg,0
514.jpg,0
5140.jpg,0
5141.jpg,0
5142.jpg,0
5143.jpg,0
5144.jpg,0
5145.jpg,0
5146.jpg,0
5147.jpg,0
5148.jpg,0
5149.jpg,0
515.jpg,0
5150.jpg,0
5151.jpg,0
5152.jpg,0
5153.jpg,0
5154.jpg,0
5155.jpg,0
5156.jpg,0
5157.jpg,0
5158.jpg,0
601.jpg,0
6010.jpg,0
6011.jpg,0
6012.jpg,0
6013.jpg,0
6014.jpg,0
6015.jpg,0
6016.jpg,0
6017.jpg,0
6018.jpg,0
6019.jpg,0
602.jpg,0
6020.jpg,0
6021.jpg,0
6022.jpg,0
6023.jpg,0
6024.jpg,0
6025.jpg,0
6026.jpg,0
6027.jpg,0
6028.jpg,0
6029.jpg,0
603.jpg,0
6030.jpg,0
6031.jpg,0
6032.jpg,0
6033.jpg,0
6034.jpg,0
6035.jpg,0
6036.jpg,0
6037.jpg,0
6038.jpg,0
6157.jpg,0
6158.jpg,0
6159.jpg,0
6160.jpg,0
6161.jpg,0
6162.jpg,0
6163.jpg,0
6164.jpg,0
6165.jpg,0
6166.jpg,0
6167.jpg,0
6168.jpg,0
6169.jpg,0
6170.jpg,0
6171.jpg,0
6172.jpg,0
6173.jpg,0
6174.jpg,0
6175.jpg,0
6176.jpg,0
6177.jpg,0
6178.jpg,0
6179.jpg,0
6180.jpg,0
6181.jpg,0
6182.jpg,0
6183.jpg,0
6184.jpg,0
6185.jpg,0
6186.jpg,0
6187.jpg,0
6188.jpg,0
6189.jpg,0
6190.jpg,0
6191.jpg,0
6192.jpg,0
6193.jpg,0
6194.jpg,0
6195.jpg,0
6196.jpg,0
6319.jpg,0
632.jpg,0
6320.jpg,0
6321.jpg,0
6322.jpg,0
6323.jpg,0
6324.jpg,0
6325.jpg,0
6326.jpg,0
6327.jpg,0
6328.jpg,0
6329.jpg,0
633.jpg,0
6330.jpg,0
6331.jpg,0
6332.jpg,0
6333.jpg,0
6334.jpg,0
6335.jpg,0
6336.jpg,0
6337.jpg,0
6338.jpg,0
6339.jpg,0
634.jpg,0
6340.jpg,0
6341.jpg,0
6342.jpg,0
6343.jpg,0
6344.jpg,0
6345.jpg,0
6346.jpg,0
6414.jpg,0
6415.jpg,0
6416.jpg,0
6417.jpg,0
6418.jpg,0
6419.jpg,0
6420.jpg,0
6421.jpg,0
6422.jpg,0
6423.jpg,0
6424.jpg,0
6425.jpg,0
6426.jpg,0
6427.jpg,0
6428.jpg,0
6429.jpg,0
6430.jpg,0
6431.jpg,0
6432.jpg,0
6433.jpg,0
6434.jpg,0
6435.jpg,0
6436.jpg,0
6437.jpg,0
6438.jpg,0
6439.jpg,0
6440.jpg,0
7414.jpg,0
7415.jpg,0
7416.jpg,0
7417.jpg,0
7418.jpg,0
7419.jpg,0
7420.jpg,0
7421.jpg,0
7422.jpg,0
7423.jpg,0
7424.jpg,0
7425.jpg,0
7426.jpg,0
7427.jpg,0
7428.jpg,0
7445.jpg,0
7446.jpg,0
7447.jpg,0
7448.jpg,0
7449.jpg,0
7450.jpg,0
7451.jpg,0
7452.jpg,0
7453.jpg,0
7454.jpg,0
7455.jpg,0
7456.jpg,0
7457.jpg,0
7458.jpg,0
7459.jpg,0
7460.jpg,0
7461.jpg,0
7462.jpg,0
7463.jpg,0
7464.jpg,0
7465.jpg,0
7466.jpg,0
7467.jpg,0
7468.jpg,0
7469.jpg,0
7470.jpg,0
7471.jpg,0
7472.jpg,0
7473.jpg,0
7474.jpg,0
7475.jpg,0
7476.jpg,0
7477.jpg,0
7478.jpg,0
7479.jpg,0
7480.jpg,0
7481.jpg,0
7482.jpg,0
7483.jpg,0
7484.jpg,0
7485.jpg,0
7486.jpg,0
7487.jpg,0
7488.jpg,0
7489.jpg,0
7490.jpg,0
7491.jpg,0
7492.jpg,0
7493.jpg,0
7494.jpg,0
7495.jpg,0
7496.jpg,0
7497.jpg,0
7498.jpg,0
7499.jpg,0