1698.jpg,0
1699.jpg,0
1700.jpg,0
1701.jpg,0
1702.jpg,0
1703.jpg,0
1704.jpg,0
1705.jpg,0
1706.jpg,0
1707.jpg,0
1708.jpg,0
1709.jpg,0
0.jpg,0
15.jpg,0
16.jpg,0
17.jpg,0
18.jpg,0
19.jpg,0
42.jpg,0
1647.jpg,0
1648.jpg,0
1649.jpg,0
1654.jpg,0
1655.jpg,0
1656.jpg,0
1657.jpg,0
1658.jpg,0
1659.jpg,0
1660.jpg,0
1661.jpg,0
1662.jpg,0
1663.jpg,0
1664.jpg,0
1665.jpg,0
1666.jpg,0
1667.jpg,0
1668.jpg,0
1669.jpg,0
1670.jpg,0
1671.jpg,0
1672.jpg,0
1673.jpg,0
1674.jpg,0
1675.jpg,0
1676.jpg,0
1677.jpg,0
1678.jpg,0
1679.jpg,0
1680.jpg,0
1681.jpg,0
1682.jpg,0
1683.jpg,0
1684.jpg,0
1685.jpg,0
1686.jpg,0
1687.jpg,0
1688.jpg,0
1689.jpg,0
1690.jpg,0
1691.jpg,0
1692.jpg,0
1693.jpg,0
1694.jpg,0
1695.jpg,0
1696.jpg,0
1697.jpg,0
1710.jpg,0
1711.jpg,0
1712.jpg,0
1713.jpg,0
1714.jpg,0
1715.jpg,0
1716.jpg,0
1717.jpg,0
1718.jpg,0
1719.jpg,0
1720.jpg,0
1721.jpg,0
1722.jpg,0
1723.jpg,0
1724.jpg,0
1725.jpg,0
1726.jpg,0
1727.jpg,0
1728.jpg,0
1729.jpg,0
1730.jpg,0
1731.jpg,0
1732.jpg,0
1733.jpg,0
1734.jpg,0
1735.jpg,0
1736.jpg,0
1737.jpg,0
1738.jpg,0
1739.jpg,0
1740.jpg,0
1741.jpg,0
1753.jpg,0
1754.jpg,0
1755.jpg,0
1756.jpg,0
1757.jpg,0
1758.jpg,0
1759.jpg,0
1760.jpg,0
1761.jpg,0
1762.jpg,0
1763.jpg,0
1764.jpg,0
1765.jpg,0
1766.jpg,0
1767.jpg,0
1768.jpg,0
1769.jpg,0
1770.jpg,0
1771.jpg,0
1772.jpg,0
1773.jpg,0
1774.jpg,0
1775.jpg,0
1776.jpg,0
1777.jpg,0
1778.jpg,0
1779.jpg,0
1780.jpg,0
1781.jpg,0
1782.jpg,0
1783.jpg,0
1784.jpg,0
1785.jpg,0
1786.jpg,0
1787.jpg,0
1788.jpg,0
1789.jpg,0
1790.jpg,0
1791.jpg,0
1792.jpg,0
1793.jpg,0
1794.jpg,0
1795.jpg,0
1796.jpg,0
1797.jpg,0
1798.jpg,0
1799.jpg,0
1801.jpg,0
1802.jpg,0
1803.jpg,0
1804.jpg,0
1805.jpg,0
1806.jpg,0
1807.jpg,0
1808.jpg,0
1809.jpg,0
1810.jpg,0
1811.jpg,0
1812.jpg,0
1813.jpg,0
1814.jpg,0
1815.jpg,0
1816.jpg,0
1817.jpg,0
1818.jpg,0
1819.jpg,0
1820.jpg,0
1821.jpg,0
1822.jpg,0
1823.jpg,0
1824.jpg,0
1825.jpg,0
1826.jpg,0
1827.jpg,0
1828.jpg,0
1829.jpg,0
1830.jpg,0
1831.jpg,0
1832.jpg,0
1833.jpg,0
1834.jpg,0
1835.jpg,0
1836.jpg,0
1837.jpg,0
1838.jpg,0
1839.jpg,0
1840.jpg,0
1841.jpg,0
1842.jpg,0
1843.jpg,0
1844.jpg,0
1845.jpg,0
1846.jpg,0
1847.jpg,0
1848.jpg,0
1849.jpg,0
1850.jpg,0
1851.jpg,0
1852.jpg,0
1853.jpg,0
1854.jpg,0
1855.jpg,0
1856.jpg,0
1857.jpg,0
1858.jpg,0
1859.jpg,0
1860.jpg,0
1861.jpg,0
1862.jpg,0
1863.jpg,0
1864.jpg,0
1878.jpg,0
1879.jpg,0
1880.jpg,0
1881.jpg,0
1882.jpg,0
1883.jpg,0
1884.jpg,0
1885.jpg,0
1886.jpg,0
1887.jpg,0
1888.jpg,0
1889.jpg,0
1890.jpg,0
1891.jpg,0
1892.jpg,0
1902.jpg,0
1903.jpg,0
1904.jpg,0
1905.jpg,0
1906.jpg,0
1907.jpg,0
1908.jpg,0
1909.jpg,0
1910.jpg,0
1911.jpg,0
1912.jpg,0
1913.jpg,0
1914.jpg,0
1915.jpg,0
1916.jpg,0
1917.jpg,0
1918.jpg,0
1919.jpg,0
1920.jpg,0
1921.jpg,0
1922.jpg,0
1923.jpg,0
1924.jpg,0
1925.jpg,0
1926.jpg,0
1927.jpg,0
1928.jpg,0
1929.jpg,0
1930.jpg,0
1931.jpg,0
1932.jpg,0
1933.jpg,0
1934.jpg,0
1935.jpg,0
1936.jpg,0
1937.jpg,0
1938.jpg,0
1939.jpg,0
1940.jpg,0
1941.jpg,0
1942.jpg,0
1943.jpg,0
1944.jpg,0
1945.jpg,0
1946.jpg,0
1947.jpg,0
1948.jpg,0
1949.jpg,0
1950.jpg,0
1951.jpg,0
1952.jpg,0
1953.jpg,0
1954.jpg,0
1955.jpg,0
1956.jpg,0
1957.jpg,0
1958.jpg,0
1959.jpg,0
1960.jpg,0
1961.jpg,0
1962.jpg,0
1963.jpg,0
1964.jpg,0
1965.jpg,0
1966.jpg,0
1967.jpg,0
1968.jpg,0
1969.jpg,0
1970.jpg,0
1971.jpg,0
1972.jpg,0
1973.jpg,0
1974.jpg,0
1975.jpg,0
1976.jpg,0
1977.jpg,0
1978.jpg,0
1979.jpg,0
1980.jpg,0
1981.jpg,0
1982.jpg,0
1983.jpg,0
1984.jpg,0
1985.jpg,0
1986.jpg,0
1987.jpg,0
1988.jpg,0
1989.jpg,0
1990.jpg,0
1991.jpg,0
1992.jpg,0
1993.jpg,0
250.jpg,1
251.jpg,1
252.jpg,1
253.jpg,1
254.jpg,1
255.jpg,1
256.jpg,1
257.jpg,1
258.jpg,1
259.jpg,1
260.jpg,1
261.jpg,1
262.jpg,1
263.jpg,1
264.jpg,1
265.jpg,1
269.jpg,1
270.jpg,1
271.jpg,1
272.jpg,1
273.jpg,1
274.jpg,1
275.jpg,1
276.jpg,1
282.jpg,1
283.jpg,1
284.jpg,1
285.jpg,1
286.jpg,1
287.jpg,1
367.jpg,1
368.jpg,1
369.jpg,1
370.jpg,1
371.jpg,1
372.jpg,1
373.jpg,1
374.jpg,1
375.jpg,1
376.jpg,1
377.jpg,1
378.jpg,1
379.jpg,1
380.jpg,1
388.jpg,1
389.jpg,1
390.jpg,1
391.jpg,1
392.jpg,1
393.jpg,1
394.jpg,1
395.jpg,1
396.jpg,1
397.jpg,1
398.jpg,1
399.jpg,1
494.jpg,1
495.jpg,1
496.jpg,1
497.jpg,1
498.jpg,1
499.jpg,1
500.jpg,1
501.jpg,1
502.jpg,1
503.jpg,1
504.jpg,1
505.jpg,1
506.jpg,1
507.jpg,1
508.jpg,1
509.jpg,1
532.jpg,1
533.jpg,1
534.jpg,1
535.jpg,1
536.jpg,1
537.jpg,1
538.jpg,1
539.jpg,1
540.jpg,1
541.jpg,1
542.jpg,1
543.jpg,1
544.jpg,1
616.jpg,1
617.jpg,1
618.jpg,1
619.jpg,1
620.jpg,1
621.jpg,1
622.jpg,1
623.jpg,1
624.jpg,1
625.jpg,1
626.jpg,1
627.jpg,1
628.jpg,1
629.jpg,1
630.jpg,1
642.jpg,1
643.jpg,1
644.jpg,1
645.jpg,1
646.jpg,1
647.jpg,1
648.jpg,1
649.jpg,1
650.jpg,1
651.jpg,1
652.jpg,1
653.jpg,1
654.jpg,1
738.jpg,1
739.jpg,1
740.jpg,1
741.jpg,1
742.jpg,1
743.jpg,1
744.jpg,1
745.jpg,1
746.jpg,1
747.jpg,1
748.jpg,1
749.jpg,1
750.jpg,1
751.jpg,1
752.jpg,1
753.jpg,1
864.jpg,1
865.jpg,1
866.jpg,1
867.jpg,1
868.jpg,1
869.jpg,1
870.jpg,1
871.jpg,1
872.jpg,1
873.jpg,1
874.jpg,1
875.jpg,1
876.jpg,1
877.jpg,1
908.jpg,1
909.jpg,1
910.jpg,1
911.jpg,1
912.jpg,1
913.jpg,1
914.jpg,1
915.jpg,1
916.jpg,1
917.jpg,1
918.jpg,1
919.jpg,1
991.jpg,1
992.jpg,1
993.jpg,1
994.jpg,1
995.jpg,1
996.jpg,1
997.jpg,1
998.jpg,1
999.jpg,1
1000.jpg,1
1028.jpg,1
1029.jpg,1
1030.jpg,1
1031.jpg,1
1032.jpg,1
1033.jpg,1
1034.jpg,1
1035.jpg,1
1036.jpg,1
1037.jpg,1
1038.jpg,1
1039.jpg,1
1040.jpg,1
1119.jpg,1
1120.jpg,1
1121.jpg,1
1122.jpg,1
1123.jpg,1
1124.jpg,1
1125.jpg,1
1126.jpg,1
1127.jpg,1
1128.jpg,1
1129.jpg,1
1130.jpg,1
1131.jpg,1
1147.jpg,1
1148.jpg,1
1149.jpg,1
1150.jpg,1
1151.jpg,1
1152.jpg,1
1153.jpg,1
1154.jpg,1
1155.jpg,1
1156.jpg,1
1245.jpg,1
1246.jpg,1
1247.jpg,1
1248.jpg,1
1249.jpg,1
1250.jpg,1
1251.jpg,1
1252.jpg,1
1253.jpg,1
1254.jpg,1
1255.jpg,1
1256.jpg,1
1257.jpg,1
1279.jpg,1
1280.jpg,1
1281.jpg,1
1282.jpg,1
1283.jpg,1
1284.jpg,1
1285.jpg,1
1286.jpg,1
1287.jpg,1
1288.jpg,1
1366.jpg,1
1367.jpg,1
1368.jpg,1
1369.jpg,1
1370.jpg,1
1371.jpg,1
1372.jpg,1
1373.jpg,1
1374.jpg,1
1375.jpg,1
1492.jpg,1
1493.jpg,1
1494.jpg,1
1495.jpg,1
1496.jpg,1
1497.jpg,1
1498.jpg,1
1499.jpg,1
1500.jpg,1
1501.jpg,1
1609.jpg,1
1610.jpg,1
1611.jpg,1
1612.jpg,1
1613.jpg,1
1614.jpg,1
1615.jpg,1
1616.jpg,1
1617.jpg,1
1618.jpg,1
1619.jpg,1
1620.jpg,1
1621.jpg,1
1622.jpg,1
1623.jpg,1
1624.jpg,1
1638.jpg,1
1639.jpg,1
1640.jpg,1
1641.jpg,1
1642.jpg,1
1643.jpg,1
1650.jpg,1
1651.jpg,1
1652.jpg,1
1653.jpg,1
1742.jpg,1
1743.jpg,1
1744.jpg,1
1745.jpg,1
1746.jpg,1
1747.jpg,1
1748.jpg,1
1749.jpg,1
1750.jpg,1
1751.jpg,1
1752.jpg,1
1865.jpg,1
1866.jpg,1
1867.jpg,1
1868.jpg,1
1869.jpg,1
1870.jpg,1
1871.jpg,1
1872.jpg,1
1873.jpg,1
1874.jpg,1
1875.jpg,1
1876.jpg,1
1877.jpg,1
1893.jpg,1
1894.jpg,1
1895.jpg,1
1896.jpg,1
1897.jpg,1
1898.jpg,1
1899.jpg,1
1900.jpg,1
1901.jpg,1
1994.jpg,1
1995.jpg,1
1996.jpg,1
1997.jpg,1
1998.jpg,1
1999.jpg,1
2000.jpg,1
2001.jpg,1
2002.jpg,1
2003.jpg,1
2004.jpg,1
2005.jpg,1
2006.jpg,1
2007.jpg,1