1000.jpg   	1
1028.jpg   	1
1029.jpg   	1
1030.jpg   	1
1031.jpg   	1
1032.jpg   	1
1033.jpg   	1
1034.jpg   	1
1035.jpg   	1
1036.jpg   	1
1037.jpg   	1
1038.jpg   	1
1039.jpg   	1
1040.jpg   	1
1119.jpg   	1
1120.jpg   	1
1121.jpg   	1
1122.jpg   	1
1123.jpg   	1
1124.jpg   	1
1125.jpg   	1
1126.jpg   	1
1127.jpg   	1
1128.jpg   	1
1129.jpg   	1
1130.jpg   	1
1131.jpg   	1
1147.jpg   	1
1148.jpg   	1
1149.jpg   	1
1150.jpg   	1
1151.jpg   	1
1152.jpg   	1
1153.jpg   	1
1154.jpg   	1
1155.jpg   	1
1156.jpg   	1
1245.jpg   	1
1246.jpg   	1
1247.jpg   	1
1248.jpg   	1
1249.jpg   	1
1250.jpg   	1
1251.jpg   	1
1252.jpg   	1
1253.jpg   	1
1254.jpg   	1
1255.jpg   	1
1256.jpg   	1
1257.jpg   	1
1279.jpg   	1
1280.jpg   	1
1281.jpg   	1
1282.jpg   	1
1283.jpg   	1
1284.jpg   	1
1285.jpg   	1
1286.jpg   	1
1287.jpg   	1
1288.jpg   	1
1366.jpg   	1
1367.jpg   	1
1368.jpg   	1
1369.jpg   	1
1370.jpg   	1
1371.jpg   	1
1372.jpg   	1
1373.jpg   	1
1374.jpg   	1
1375.jpg   	1
1492.jpg   	1
1493.jpg   	1
1494.jpg   	1
1495.jpg   	1
1496.jpg   	1
1497.jpg   	1
1498.jpg   	1
1499.jpg   	1
1500.jpg   	1
1501.jpg   	1
1609.jpg   	1
1610.jpg   	1
1611.jpg   	1
1612.jpg   	1
1613.jpg   	1
1614.jpg   	1
1615.jpg   	1
1616.jpg   	1
1617.jpg   	1
1618.jpg   	1
1619.jpg   	1
1620.jpg   	1
1621.jpg   	1
1622.jpg   	1
1623.jpg   	1
1624.jpg   	1
1638.jpg   	1
1639.jpg   	1
1640.jpg   	1
1641.jpg   	1
1642.jpg   	1
1643.jpg   	1
1650.jpg   	1
1651.jpg   	1
1652.jpg   	1
1653.jpg   	1
1742.jpg   	1
1743.jpg   	1
1744.jpg   	1
1745.jpg   	1
1746.jpg   	1
1747.jpg   	1
1748.jpg   	1
1749.jpg   	1
1750.jpg   	1
1751.jpg   	1
1752.jpg   	1
1865.jpg   	1
1866.jpg   	1
1867.jpg   	1
1868.jpg   	1
1869.jpg   	1
1870.jpg   	1
1871.jpg   	1
1872.jpg   	1
1873.jpg   	1
1874.jpg   	1
1875.jpg   	1
1876.jpg   	1
1877.jpg   	1
1893.jpg   	1
1894.jpg   	1
1895.jpg   	1
1896.jpg   	1
1897.jpg   	1
1898.jpg   	1
1899.jpg   	1
1900.jpg   	1
1901.jpg   	1
1994.jpg   	1
1995.jpg   	1
1996.jpg   	1
1997.jpg   	1
1998.jpg   	1
1999.jpg   	1
2000.jpg   	1
2001.jpg   	1
2002.jpg   	1
2003.jpg   	1
2004.jpg   	1
2005.jpg   	1
2006.jpg   	1
2007.jpg   	1
250.jpg    	1
251.jpg    	1
252.jpg    	1
253.jpg    	1
254.jpg    	1
255.jpg    	1
256.jpg    	1
257.jpg    	1
258.jpg    	1
259.jpg    	1
260.jpg    	1
261.jpg    	1
262.jpg    	1
263.jpg    	1
264.jpg    	1
265.jpg    	1
269.jpg    	1
270.jpg    	1
271.jpg    	1
272.jpg    	1
273.jpg    	1
274.jpg    	1
275.jpg    	1
276.jpg    	1
282.jpg    	1
283.jpg    	1
284.jpg    	1
285.jpg    	1
286.jpg    	1
287.jpg    	1
3224.jpg   	1
3225.jpg   	1
3226.jpg   	1
3227.jpg   	1
3228.jpg   	1
3229.jpg   	1
3230.jpg   	1
3231.jpg   	1
3232.jpg   	1
3238.jpg   	1
3239.jpg   	1
3240.jpg   	1
3241.jpg   	1
3263.jpg   	1
3264.jpg   	1
3265.jpg   	1
3266.jpg   	1
3267.jpg   	1
3268.jpg   	1
3269.jpg   	1
3270.jpg   	1
3271.jpg   	1
3331.jpg   	1
3332.jpg   	1
3333.jpg   	1
3334.jpg   	1
3335.jpg   	1
3336.jpg   	1
3337.jpg   	1
3338.jpg   	1
3339.jpg   	1
3489.jpg   	1
3490.jpg   	1
3491.jpg   	1
3492.jpg   	1
3493.jpg   	1
3494.jpg   	1
3495.jpg   	1
3496.jpg   	1
3628.jpg   	1
3629.jpg   	1
3630.jpg   	1
3631.jpg   	1
3632.jpg   	1
3633.jpg   	1
3634.jpg   	1
3635.jpg   	1
367.jpg    	1
368.jpg    	1
369.jpg    	1
370.jpg    	1
371.jpg    	1
372.jpg    	1
373.jpg    	1
374.jpg    	1
375.jpg    	1
376.jpg    	1
377.jpg    	1
378.jpg    	1
379.jpg    	1
380.jpg    	1
3835.jpg   	1
3836.jpg   	1
3837.jpg   	1
3838.jpg   	1
3839.jpg   	1
3840.jpg   	1
3841.jpg   	1
3842.jpg   	1
3873.jpg   	1
3874.jpg   	1
3875.jpg   	1
3876.jpg   	1
3877.jpg   	1
3878.jpg   	1
3879.jpg   	1
388.jpg    	1
3880.jpg   	1
3881.jpg   	1
3882.jpg   	1
389.jpg    	1
390.jpg    	1
391.jpg    	1
392.jpg    	1
393.jpg    	1
394.jpg    	1
395.jpg    	1
396.jpg    	1
397.jpg    	1
398.jpg    	1
399.jpg    	1
4357.jpg   	1
4358.jpg   	1
4359.jpg   	1
4360.jpg   	1
4361.jpg   	1
4362.jpg   	1
4363.jpg   	1
4369.jpg   	1
4370.jpg   	1
4371.jpg   	1
4372.jpg   	1
4373.jpg   	1
4374.jpg   	1
4375.jpg   	1
4376.jpg   	1
4393.jpg   	1
4394.jpg   	1
4395.jpg   	1
4396.jpg   	1
4397.jpg   	1
4398.jpg   	1
4399.jpg   	1
4400.jpg   	1
4401.jpg   	1
4463.jpg   	1
4464.jpg   	1
4465.jpg   	1
4466.jpg   	1
4467.jpg   	1
4468.jpg   	1
4469.jpg   	1
4470.jpg   	1
4471.jpg   	1
494.jpg    	1
495.jpg    	1
496.jpg    	1
497.jpg    	1
498.jpg    	1
499.jpg    	1
500.jpg    	1
5001.jpg   	1
5002.jpg   	1
5003.jpg   	1
5004.jpg   	1
5005.jpg   	1
5006.jpg   	1
5007.jpg   	1
5008.jpg   	1
501.jpg    	1
502.jpg    	1
503.jpg    	1
504.jpg    	1
505.jpg    	1
506.jpg    	1
507.jpg    	1
508.jpg    	1
509.jpg    	1
5102.jpg   	1
5103.jpg   	1
5104.jpg   	1
5105.jpg   	1
5106.jpg   	1
5107.jpg   	1
5108.jpg   	1
5109.jpg   	1
5110.jpg   	1
5111.jpg   	1
5112.jpg   	1
5113.jpg   	1
532.jpg    	1
533.jpg    	1
534.jpg    	1
535.jpg    	1
536.jpg    	1
537.jpg    	1
538.jpg    	1
539.jpg    	1
540.jpg    	1
541.jpg    	1
542.jpg    	1
543.jpg    	1
544.jpg    	1
6131.jpg   	1
6132.jpg   	1
6133.jpg   	1
6134.jpg   	1
6135.jpg   	1
6136.jpg   	1
6137.jpg   	1
6138.jpg   	1
6139.jpg   	1
6140.jpg   	1
6141.jpg   	1
6142.jpg   	1
6143.jpg   	1
616.jpg    	1
617.jpg    	1
618.jpg    	1
619.jpg    	1
620.jpg    	1
621.jpg    	1
622.jpg    	1
6225.jpg   	1
6226.jpg   	1
6227.jpg   	1
6228.jpg   	1
6229.jpg   	1
623.jpg    	1
6230.jpg   	1
6231.jpg   	1
6232.jpg   	1
6233.jpg   	1
6234.jpg   	1
6235.jpg   	1
6236.jpg   	1
6237.jpg   	1
6238.jpg   	1
6239.jpg   	1
624.jpg    	1
625.jpg    	1
626.jpg    	1
627.jpg    	1
628.jpg    	1
629.jpg    	1
630.jpg    	1
642.jpg    	1
643.jpg    	1
644.jpg    	1
645.jpg    	1
646.jpg    	1
647.jpg    	1
648.jpg    	1
649.jpg    	1
650.jpg    	1
651.jpg    	1
652.jpg    	1
653.jpg    	1
654.jpg    	1
6599.jpg   	1
6600.jpg   	1
6601.jpg   	1
6602.jpg   	1
6603.jpg   	1
6604.jpg   	1
6605.jpg   	1
6606.jpg   	1
6607.jpg   	1
6608.jpg   	1
6609.jpg   	1
6610.jpg   	1
6611.jpg   	1
6649.jpg   	1
6650.jpg   	1
6651.jpg   	1
6652.jpg   	1
6653.jpg   	1
6654.jpg   	1
6655.jpg   	1
6656.jpg   	1
6657.jpg   	1
6658.jpg   	1
6659.jpg   	1
6660.jpg   	1
6661.jpg   	1
738.jpg    	1
739.jpg    	1
740.jpg    	1
7400.jpg   	1
7401.jpg   	1
7402.jpg   	1
7403.jpg   	1
7404.jpg   	1
7405.jpg   	1
7406.jpg   	1
7407.jpg   	1
7408.jpg   	1
741.jpg    	1
742.jpg    	1
7429.jpg   	1
743.jpg    	1
7430.jpg   	1
7431.jpg   	1
7432.jpg   	1
7433.jpg   	1
7434.jpg   	1
7435.jpg   	1
7436.jpg   	1
7437.jpg   	1
7438.jpg   	1
7439.jpg   	1
744.jpg    	1
7440.jpg   	1
7441.jpg   	1
7442.jpg   	1
7443.jpg   	1
7444.jpg   	1
745.jpg    	1
746.jpg    	1
747.jpg    	1
748.jpg    	1
749.jpg    	1
750.jpg    	1
751.jpg    	1
752.jpg    	1
753.jpg    	1
7890.jpg   	1
7891.jpg   	1
7892.jpg   	1
7893.jpg   	1
7894.jpg   	1
7895.jpg   	1
7896.jpg   	1
7897.jpg   	1
7898.jpg   	1
7899.jpg   	1
7900.jpg   	1
7957.jpg   	1
7958.jpg   	1
7959.jpg   	1
7960.jpg   	1
7961.jpg   	1
7962.jpg   	1
7963.jpg   	1
7964.jpg   	1
7965.jpg   	1
7966.jpg   	1
7967.jpg   	1
7968.jpg   	1
7969.jpg   	1
7970.jpg   	1
7971.jpg   	1
7972.jpg   	1
7973.jpg   	1
8552.jpg   	1
8553.jpg   	1
8554.jpg   	1
8555.jpg   	1
8556.jpg   	1
8557.jpg   	1
8563.jpg   	1
8564.jpg   	1
8565.jpg   	1
8566.jpg   	1
8573.jpg   	1
8574.jpg   	1
8575.jpg   	1
8576.jpg   	1
8577.jpg   	1
8578.jpg   	1
8608.jpg   	1
8609.jpg   	1
8610.jpg   	1
8611.jpg   	1
8612.jpg   	1
8613.jpg   	1
8614.jpg   	1
8615.jpg   	1
8616.jpg   	1
8617.jpg   	1
8618.jpg   	1
864.jpg    	1
865.jpg    	1
866.jpg    	1
867.jpg    	1
868.jpg    	1
869.jpg    	1
870.jpg    	1
871.jpg    	1
872.jpg    	1
873.jpg    	1
874.jpg    	1
875.jpg    	1
876.jpg    	1
877.jpg    	1
908.jpg    	1
909.jpg    	1
910.jpg    	1
911.jpg    	1
912.jpg    	1
913.jpg    	1
914.jpg    	1
915.jpg    	1
916.jpg    	1
917.jpg    	1
918.jpg    	1
919.jpg    	1
991.jpg    	1
992.jpg    	1
993.jpg    	1
994.jpg    	1
995.jpg    	1
996.jpg    	1
997.jpg    	1
998.jpg    	1
999.jpg    	1
0.jpg   	0
1.jpg   	0
10.jpg  	0
100.jpg 	0
1001.jpg	0
1002.jpg	0
1003.jpg	0
1004.jpg	0
1005.jpg	0
1006.jpg	0
1007.jpg	0
1008.jpg	0
1009.jpg	0
101.jpg 	0
1010.jpg	0
1011.jpg	0
1012.jpg	0
1013.jpg	0
1014.jpg	0
1015.jpg	0
1016.jpg	0
1017.jpg	0
1018.jpg	0
1019.jpg	0
102.jpg 	0
1020.jpg	0
1021.jpg	0
1022.jpg	0
1023.jpg	0
1024.jpg	0
1025.jpg	0
1026.jpg	0
1027.jpg	0
103.jpg 	0
104.jpg 	0
1041.jpg	0
1042.jpg	0
1043.jpg	0
1044.jpg	0
1045.jpg	0
1046.jpg	0
1047.jpg	0
1048.jpg	0
1049.jpg	0
105.jpg 	0
1050.jpg	0
1051.jpg	0
1052.jpg	0
1053.jpg	0
1054.jpg	0
1055.jpg	0
1056.jpg	0
1057.jpg	0
1058.jpg	0
1059.jpg	0
106.jpg 	0
1060.jpg	0
1061.jpg	0
1062.jpg	0
1063.jpg	0
1064.jpg	0
1065.jpg	0
1066.jpg	0
1067.jpg	0
1068.jpg	0
1069.jpg	0
107.jpg 	0
1070.jpg	0
1071.jpg	0
1072.jpg	0
1073.jpg	0
1074.jpg	0
1075.jpg	0
1076.jpg	0
1077.jpg	0
1078.jpg	0
1079.jpg	0
108.jpg 	0
1080.jpg	0
1081.jpg	0
1082.jpg	0
1083.jpg	0
1084.jpg	0
1085.jpg	0
1086.jpg	0
1087.jpg	0
1088.jpg	0
1089.jpg	0
109.jpg 	0
1090.jpg	0
1091.jpg	0
1092.jpg	0
1093.jpg	0
1094.jpg	0
1095.jpg	0
1096.jpg	0
1097.jpg	0
1098.jpg	0
1099.jpg	0
11.jpg  	0
110.jpg 	0
1100.jpg	0
1101.jpg	0
1102.jpg	0
1103.jpg	0
1104.jpg	0
1105.jpg	0
1106.jpg	0
1107.jpg	0
1108.jpg	0
1109.jpg	0
111.jpg 	0
1110.jpg	0
1111.jpg	0
1112.jpg	0
1113.jpg	0
1114.jpg	0
1115.jpg	0
1116.jpg	0
1117.jpg	0
1118.jpg	0
112.jpg 	0
113.jpg 	0
1132.jpg	0
1133.jpg	0
1134.jpg	0
1135.jpg	0
1136.jpg	0
1137.jpg	0
1138.jpg	0
1139.jpg	0
114.jpg 	0
1140.jpg	0
1141.jpg	0
1142.jpg	0
1143.jpg	0
1144.jpg	0
1145.jpg	0
1146.jpg	0
115.jpg 	0
1157.jpg	0
1158.jpg	0
1159.jpg	0
116.jpg 	0
1160.jpg	0
1161.jpg	0
1162.jpg	0
1163.jpg	0
1164.jpg	0
1165.jpg	0
1166.jpg	0
1167.jpg	0
1168.jpg	0
1169.jpg	0
117.jpg 	0
1170.jpg	0
1171.jpg	0
1172.jpg	0
1173.jpg	0
1174.jpg	0
1175.jpg	0
1176.jpg	0
1177.jpg	0
1178.jpg	0
1179.jpg	0
118.jpg 	0
1180.jpg	0
1181.jpg	0
1182.jpg	0
1183.jpg	0
1184.jpg	0
1185.jpg	0
1186.jpg	0
1187.jpg	0
1188.jpg	0
1189.jpg	0
119.jpg 	0
1190.jpg	0
1191.jpg	0
1192.jpg	0
1193.jpg	0
1194.jpg	0
1195.jpg	0
1196.jpg	0
1197.jpg	0
1198.jpg	0
1199.jpg	0
12.jpg  	0
120.jpg 	0
1200.jpg	0
1201.jpg	0
1202.jpg	0
1203.jpg	0
1204.jpg	0
1205.jpg	0
1206.jpg	0
1207.jpg	0
1208.jpg	0
1209.jpg	0
121.jpg 	0
1210.jpg	0
1211.jpg	0
1212.jpg	0
1213.jpg	0
1214.jpg	0
1215.jpg	0
1216.jpg	0
1217.jpg	0
1218.jpg	0
1219.jpg	0
122.jpg 	0
1220.jpg	0
1221.jpg	0
1222.jpg	0
1223.jpg	0
1224.jpg	0
1225.jpg	0
1226.jpg	0
1227.jpg	0
1228.jpg	0
1229.jpg	0
123.jpg 	0
1230.jpg	0
1231.jpg	0
1232.jpg	0
1233.jpg	0
1234.jpg	0
1235.jpg	0
1236.jpg	0
1237.jpg	0
1238.jpg	0
1239.jpg	0
124.jpg 	0
1240.jpg	0
1241.jpg	0
1242.jpg	0
1243.jpg	0
125.jpg 	0
1258.jpg	0
1259.jpg	0
126.jpg 	0
1260.jpg	0
1261.jpg	0
1262.jpg	0
1263.jpg	0
1264.jpg	0
1265.jpg	0
1266.jpg	0
1267.jpg	0
1268.jpg	0
1269.jpg	0
127.jpg 	0
1270.jpg	0
1271.jpg	0
1272.jpg	0
1273.jpg	0
1274.jpg	0
1275.jpg	0
1276.jpg	0
1277.jpg	0
1278.jpg	0
128.jpg 	0
1289.jpg	0
129.jpg 	0
1290.jpg	0
1291.jpg	0
1292.jpg	0
1293.jpg	0
1294.jpg	0
1295.jpg	0
1296.jpg	0
1297.jpg	0
1298.jpg	0
1299.jpg	0
13.jpg  	0
130.jpg 	0
1300.jpg	0
1301.jpg	0
1302.jpg	0
1303.jpg	0
1304.jpg	0
1305.jpg	0
1306.jpg	0
1307.jpg	0
1308.jpg	0
1309.jpg	0
131.jpg 	0
1310.jpg	0
1311.jpg	0
1312.jpg	0
1313.jpg	0
1314.jpg	0
1315.jpg	0
1316.jpg	0
1317.jpg	0
1318.jpg	0
1319.jpg	0
132.jpg 	0
1320.jpg	0
1321.jpg	0
1322.jpg	0
1323.jpg	0
1324.jpg	0
1325.jpg	0
1326.jpg	0
1327.jpg	0
1328.jpg	0
1329.jpg	0
133.jpg 	0
1330.jpg	0
1331.jpg	0
1332.jpg	0
1333.jpg	0
1334.jpg	0
1335.jpg	0
1336.jpg	0
1337.jpg	0
1338.jpg	0
1339.jpg	0
134.jpg 	0
1340.jpg	0
1341.jpg	0
1342.jpg	0
1343.jpg	0
1344.jpg	0
1345.jpg	0
1346.jpg	0
1347.jpg	0
1348.jpg	0
1349.jpg	0
135.jpg 	0
1350.jpg	0
1351.jpg	0
1352.jpg	0
1353.jpg	0
1354.jpg	0
1355.jpg	0
1356.jpg	0
1357.jpg	0
1358.jpg	0
1359.jpg	0
136.jpg 	0
1360.jpg	0
1361.jpg	0
1362.jpg	0
1363.jpg	0
1364.jpg	0
1365.jpg	0
137.jpg 	0
1376.jpg	0
1377.jpg	0
1378.jpg	0
1379.jpg	0
138.jpg 	0
1380.jpg	0
1381.jpg	0
1382.jpg	0
1383.jpg	0
1384.jpg	0
1385.jpg	0
1386.jpg	0
1387.jpg	0
1388.jpg	0
1389.jpg	0
139.jpg 	0
1390.jpg	0
1391.jpg	0
1392.jpg	0
1393.jpg	0
1394.jpg	0
1395.jpg	0
1396.jpg	0
1397.jpg	0
1398.jpg	0
1399.jpg	0
14.jpg  	0
140.jpg 	0
1400.jpg	0
1401.jpg	0
1402.jpg	0
1403.jpg	0
1404.jpg	0
1405.jpg	0
1406.jpg	0
1407.jpg	0
1408.jpg	0
1409.jpg	0
141.jpg 	0
1410.jpg	0
1411.jpg	0
1412.jpg	0
1413.jpg	0
1414.jpg	0
1415.jpg	0
1416.jpg	0
1417.jpg	0
1418.jpg	0
1419.jpg	0
142.jpg 	0
1420.jpg	0
1421.jpg	0
1422.jpg	0
1423.jpg	0
1424.jpg	0
1425.jpg	0
1426.jpg	0
1427.jpg	0
1428.jpg	0
1429.jpg	0
143.jpg 	0
1430.jpg	0
1431.jpg	0
1432.jpg	0
1433.jpg	0
1434.jpg	0
1435.jpg	0
1436.jpg	0
1437.jpg	0
1438.jpg	0
1439.jpg	0
144.jpg 	0
1440.jpg	0
1441.jpg	0
1442.jpg	0
1443.jpg	0
1444.jpg	0
1445.jpg	0
1446.jpg	0
1447.jpg	0
1448.jpg	0
1449.jpg	0
145.jpg 	0
1450.jpg	0
1451.jpg	0
1452.jpg	0
1453.jpg	0
1454.jpg	0
1455.jpg	0
1456.jpg	0
1457.jpg	0
1458.jpg	0
1459.jpg	0
146.jpg 	0
1460.jpg	0
1461.jpg	0
1462.jpg	0
1463.jpg	0
1464.jpg	0
1465.jpg	0
1466.jpg	0
1467.jpg	0
1468.jpg	0
1469.jpg	0
147.jpg 	0
1470.jpg	0
1471.jpg	0
1472.jpg	0
1473.jpg	0
1474.jpg	0
1475.jpg	0
1476.jpg	0
1477.jpg	0
1478.jpg	0
1479.jpg	0
148.jpg 	0
1480.jpg	0
1481.jpg	0
1482.jpg	0
1483.jpg	0
1484.jpg	0
1485.jpg	0
1486.jpg	0
1487.jpg	0
1488.jpg	0
1489.jpg	0
149.jpg 	0
1490.jpg	0
1491.jpg	0
15.jpg  	0
150.jpg 	0
1502.jpg	0
1503.jpg	0
1504.jpg	0
1505.jpg	0
1506.jpg	0
1507.jpg	0
1508.jpg	0
1509.jpg	0
151.jpg 	0
1510.jpg	0
1511.jpg	0
1512.jpg	0
1513.jpg	0
1514.jpg	0
1515.jpg	0
1516.jpg	0
1517.jpg	0
1518.jpg	0
1519.jpg	0
152.jpg 	0
1520.jpg	0
1521.jpg	0
1522.jpg	0
1523.jpg	0
1524.jpg	0
1525.jpg	0
1526.jpg	0
1527.jpg	0
1528.jpg	0
1529.jpg	0
153.jpg 	0
1530.jpg	0
1531.jpg	0
1532.jpg	0
1533.jpg	0
1534.jpg	0
1535.jpg	0
1536.jpg	0
1537.jpg	0
1538.jpg	0
1539.jpg	0
154.jpg 	0
1540.jpg	0
1541.jpg	0
1542.jpg	0
1543.jpg	0
1544.jpg	0
1545.jpg	0
1546.jpg	0
1547.jpg	0
1548.jpg	0
1549.jpg	0
155.jpg 	0
1550.jpg	0
1551.jpg	0
1552.jpg	0
1553.jpg	0
1554.jpg	0
1555.jpg	0
1556.jpg	0
1557.jpg	0
1558.jpg	0
1559.jpg	0
156.jpg 	0
1560.jpg	0
1561.jpg	0
1562.jpg	0
1563.jpg	0
1564.jpg	0
1565.jpg	0
1566.jpg	0
1567.jpg	0
1568.jpg	0
1569.jpg	0
157.jpg 	0
1570.jpg	0
1571.jpg	0
1572.jpg	0
1573.jpg	0
1574.jpg	0
1575.jpg	0
1576.jpg	0
1577.jpg	0
1578.jpg	0
1579.jpg	0
158.jpg 	0
1580.jpg	0
1581.jpg	0
1582.jpg	0
1583.jpg	0
1584.jpg	0
1585.jpg	0
1586.jpg	0
1587.jpg	0
1588.jpg	0
1589.jpg	0
159.jpg 	0
1590.jpg	0
1591.jpg	0
1592.jpg	0
1593.jpg	0
1594.jpg	0
1595.jpg	0
1596.jpg	0
1597.jpg	0
1598.jpg	0
1599.jpg	0
16.jpg  	0
160.jpg 	0
1600.jpg	0
1601.jpg	0
1602.jpg	0
1603.jpg	0
1604.jpg	0
1605.jpg	0
1606.jpg	0
1607.jpg	0
1608.jpg	0
161.jpg 	0
162.jpg 	0
1625.jpg	0
1626.jpg	0
1627.jpg	0
1628.jpg	0
1629.jpg	0
163.jpg 	0
1630.jpg	0
1631.jpg	0
1632.jpg	0
1633.jpg	0
1634.jpg	0
1635.jpg	0
1636.jpg	0
1637.jpg	0
164.jpg 	0
1644.jpg	0
1645.jpg	0
1646.jpg	0
1647.jpg	0
1648.jpg	0
1649.jpg	0
165.jpg 	0
1654.jpg	0
1655.jpg	0
1656.jpg	0
1657.jpg	0
1658.jpg	0
1659.jpg	0
166.jpg 	0
1660.jpg	0
1661.jpg	0
1662.jpg	0
1663.jpg	0
1664.jpg	0
1665.jpg	0
1666.jpg	0
1667.jpg	0
1668.jpg	0
1669.jpg	0
167.jpg 	0
1670.jpg	0
1671.jpg	0
1672.jpg	0
1673.jpg	0
1674.jpg	0
1675.jpg	0
1676.jpg	0
1677.jpg	0
1678.jpg	0
1679.jpg	0
168.jpg 	0
1680.jpg	0
1681.jpg	0
1682.jpg	0
1683.jpg	0
1684.jpg	0
1685.jpg	0
1686.jpg	0
1687.jpg	0
1688.jpg	0
1689.jpg	0
169.jpg 	0
1690.jpg	0
1691.jpg	0
1692.jpg	0
1693.jpg	0
1694.jpg	0
1695.jpg	0
1696.jpg	0
1697.jpg	0
1698.jpg	0
1699.jpg	0
17.jpg  	0
170.jpg 	0
1700.jpg	0
1701.jpg	0
1702.jpg	0
1703.jpg	0
1704.jpg	0
1705.jpg	0
1706.jpg	0
1707.jpg	0
1708.jpg	0
1709.jpg	0
171.jpg 	0
1710.jpg	0
1711.jpg	0
1712.jpg	0
1713.jpg	0
1714.jpg	0
1715.jpg	0
1716.jpg	0
1717.jpg	0
1718.jpg	0
1719.jpg	0
172.jpg 	0
1720.jpg	0
1721.jpg	0
1722.jpg	0
1723.jpg	0
1724.jpg	0
1725.jpg	0
1726.jpg	0
1727.jpg	0
1728.jpg	0
1729.jpg	0
173.jpg 	0
1730.jpg	0
1731.jpg	0
1732.jpg	0
1733.jpg	0
1734.jpg	0
1735.jpg	0
1736.jpg	0
1737.jpg	0
1738.jpg	0
1739.jpg	0
174.jpg 	0
1740.jpg	0
1741.jpg	0
175.jpg 	0
1753.jpg	0
1754.jpg	0
1755.jpg	0
1756.jpg	0
1757.jpg	0
1758.jpg	0
1759.jpg	0
176.jpg 	0
1760.jpg	0
1761.jpg	0
1762.jpg	0
1763.jpg	0
1764.jpg	0
1765.jpg	0
1766.jpg	0
1767.jpg	0
1768.jpg	0
1769.jpg	0
177.jpg 	0
1770.jpg	0
1771.jpg	0
1772.jpg	0
1773.jpg	0
1774.jpg	0
1775.jpg	0
1776.jpg	0
1777.jpg	0
1778.jpg	0
1779.jpg	0
178.jpg 	0
1780.jpg	0
1781.jpg	0
1782.jpg	0
1783.jpg	0
1784.jpg	0
1785.jpg	0
1786.jpg	0
1787.jpg	0
1788.jpg	0
1789.jpg	0
179.jpg 	0
1790.jpg	0
1791.jpg	0
1792.jpg	0
1793.jpg	0
1794.jpg	0
1795.jpg	0
1796.jpg	0
1797.jpg	0
1798.jpg	0
1799.jpg	0
18.jpg  	0
180.jpg 	0
1800.jpg	0
1801.jpg	0
1802.jpg	0
1803.jpg	0
1804.jpg	0
1805.jpg	0
1806.jpg	0
1807.jpg	0
1808.jpg	0
1809.jpg	0
181.jpg 	0
1810.jpg	0
1811.jpg	0
1812.jpg	0
1813.jpg	0
1814.jpg	0
1815.jpg	0
1816.jpg	0
1817.jpg	0
1818.jpg	0
1819.jpg	0
182.jpg 	0
1820.jpg	0
1821.jpg	0
1822.jpg	0
1823.jpg	0
1824.jpg	0
1825.jpg	0
1826.jpg	0
1827.jpg	0
1828.jpg	0
1829.jpg	0
183.jpg 	0
1830.jpg	0
1831.jpg	0
1832.jpg	0
1833.jpg	0
1834.jpg	0
1835.jpg	0
1836.jpg	0
1837.jpg	0
1838.jpg	0
1839.jpg	0
184.jpg 	0
1840.jpg	0
1841.jpg	0
1842.jpg	0
1843.jpg	0
1844.jpg	0
1845.jpg	0
1846.jpg	0
1847.jpg	0
1848.jpg	0
1849.jpg	0
185.jpg 	0
1850.jpg	0
1851.jpg	0
1852.jpg	0
1853.jpg	0
1854.jpg	0
1855.jpg	0
1856.jpg	0
1857.jpg	0
1858.jpg	0
1859.jpg	0
186.jpg 	0
1860.jpg	0
1861.jpg	0
1862.jpg	0
1863.jpg	0
1864.jpg	0
187.jpg 	0
1878.jpg	0
1879.jpg	0
188.jpg 	0
1880.jpg	0
1881.jpg	0
1882.jpg	0
1883.jpg	0
1884.jpg	0
1885.jpg	0
1886.jpg	0
1887.jpg	0
1888.jpg	0
1889.jpg	0
189.jpg 	0
1890.jpg	0
1891.jpg	0
1892.jpg	0
19.jpg  	0
190.jpg 	0
1902.jpg	0
1903.jpg	0
1904.jpg	0
1905.jpg	0
1906.jpg	0
1907.jpg	0
1908.jpg	0
1909.jpg	0
191.jpg 	0
1910.jpg	0
1911.jpg	0
1912.jpg	0
1913.jpg	0
1914.jpg	0
1915.jpg	0
1916.jpg	0
1917.jpg	0
1918.jpg	0
1919.jpg	0
192.jpg 	0
1920.jpg	0
1921.jpg	0
1922.jpg	0
1923.jpg	0
1924.jpg	0
1925.jpg	0
1926.jpg	0
1927.jpg	0
1928.jpg	0
1929.jpg	0
193.jpg 	0
1930.jpg	0
1931.jpg	0
1932.jpg	0
1933.jpg	0
1934.jpg	0
1935.jpg	0
1936.jpg	0
1937.jpg	0
1938.jpg	0
1939.jpg	0
194.jpg 	0
1940.jpg	0
1941.jpg	0
1942.jpg	0
1943.jpg	0
1944.jpg	0
1945.jpg	0
1946.jpg	0
1947.jpg	0
1948.jpg	0
1949.jpg	0
195.jpg 	0
1950.jpg	0
1951.jpg	0
1952.jpg	0
1953.jpg	0
1954.jpg	0
1955.jpg	0
1956.jpg	0
1957.jpg	0
1958.jpg	0
1959.jpg	0
196.jpg 	0
1960.jpg	0
1961.jpg	0
1962.jpg	0
1963.jpg	0
1964.jpg	0
1965.jpg	0
1966.jpg	0
1967.jpg	0
1968.jpg	0
1969.jpg	0
197.jpg 	0
1970.jpg	0
1971.jpg	0
1972.jpg	0
1973.jpg	0
1974.jpg	0
1975.jpg	0
1976.jpg	0
1977.jpg	0
1978.jpg	0
1979.jpg	0
198.jpg 	0
1980.jpg	0
1981.jpg	0
1982.jpg	0
1983.jpg	0
1984.jpg	0
1985.jpg	0
1986.jpg	0
1987.jpg	0
1988.jpg	0
1989.jpg	0
199.jpg 	0
1990.jpg	0
1991.jpg	0
1992.jpg	0
1993.jpg	0
2.jpg   	0
20.jpg  	0
200.jpg 	0
201.jpg 	0
202.jpg 	0
203.jpg 	0
204.jpg 	0
205.jpg 	0
206.jpg 	0
207.jpg 	0
208.jpg 	0
209.jpg 	0
21.jpg  	0
210.jpg 	0
211.jpg 	0
212.jpg 	0
213.jpg 	0
214.jpg 	0
215.jpg 	0
216.jpg 	0
217.jpg 	0
218.jpg 	0
219.jpg 	0
22.jpg  	0
220.jpg 	0
221.jpg 	0
222.jpg 	0
223.jpg 	0
224.jpg 	0
225.jpg 	0
226.jpg 	0
227.jpg 	0
228.jpg 	0
229.jpg 	0
23.jpg  	0
230.jpg 	0
231.jpg 	0
232.jpg 	0
233.jpg 	0
234.jpg 	0
235.jpg 	0
236.jpg 	0
237.jpg 	0
238.jpg 	0
239.jpg 	0
24.jpg  	0
240.jpg 	0
241.jpg 	0
242.jpg 	0
243.jpg 	0
244.jpg 	0
245.jpg 	0
246.jpg 	0
247.jpg 	0
248.jpg 	0
249.jpg 	0
25.jpg  	0
26.jpg  	0
266.jpg 	0
267.jpg 	0
268.jpg 	0
27.jpg  	0
277.jpg 	0
278.jpg 	0
279.jpg 	0
28.jpg  	0
280.jpg 	0
281.jpg 	0
288.jpg 	0
289.jpg 	0
29.jpg  	0
290.jpg 	0
291.jpg 	0
292.jpg 	0
293.jpg 	0
294.jpg 	0
295.jpg 	0
296.jpg 	0
297.jpg 	0
298.jpg 	0
299.jpg 	0
3.jpg   	0
30.jpg  	0
300.jpg 	0
3000.jpg	0
3001.jpg	0
3002.jpg	0
3003.jpg	0
3004.jpg	0
3005.jpg	0
3006.jpg	0
3007.jpg	0
3008.jpg	0
3009.jpg	0
301.jpg 	0
3010.jpg	0
3011.jpg	0
3012.jpg	0
3013.jpg	0
3014.jpg	0
3015.jpg	0
3016.jpg	0
3017.jpg	0
3018.jpg	0
3019.jpg	0
302.jpg 	0
3020.jpg	0
3021.jpg	0
3022.jpg	0
3023.jpg	0
3024.jpg	0
3025.jpg	0
3026.jpg	0
3027.jpg	0
3028.jpg	0
3029.jpg	0
303.jpg 	0
3030.jpg	0
3031.jpg	0
3032.jpg	0
3033.jpg	0
3034.jpg	0
3035.jpg	0
3036.jpg	0
3037.jpg	0
3038.jpg	0
3039.jpg	0
304.jpg 	0
3040.jpg	0
3041.jpg	0
3042.jpg	0
3043.jpg	0
3044.jpg	0
3045.jpg	0
3046.jpg	0
3047.jpg	0
3048.jpg	0
3049.jpg	0
305.jpg 	0
3050.jpg	0
3051.jpg	0
3052.jpg	0
3053.jpg	0
3054.jpg	0
3055.jpg	0
3056.jpg	0
3057.jpg	0
3058.jpg	0
3059.jpg	0
306.jpg 	0
3060.jpg	0
3061.jpg	0
3062.jpg	0
3063.jpg	0
3064.jpg	0
3065.jpg	0
3066.jpg	0
3067.jpg	0
3068.jpg	0
3069.jpg	0
307.jpg 	0
3070.jpg	0
3071.jpg	0
3072.jpg	0
3073.jpg	0
3074.jpg	0
3075.jpg	0
3076.jpg	0
3077.jpg	0
3078.jpg	0
3079.jpg	0
308.jpg 	0
3080.jpg	0
3081.jpg	0
3082.jpg	0
3083.jpg	0
3084.jpg	0
3085.jpg	0
3086.jpg	0
3087.jpg	0
3088.jpg	0
3089.jpg	0
309.jpg 	0
3090.jpg	0
3091.jpg	0
3092.jpg	0
3093.jpg	0
3094.jpg	0
3095.jpg	0
3096.jpg	0
3097.jpg	0
3098.jpg	0
3099.jpg	0
31.jpg  	0
310.jpg 	0
3100.jpg	0
3101.jpg	0
3102.jpg	0
3103.jpg	0
3104.jpg	0
3105.jpg	0
3106.jpg	0
3107.jpg	0
3108.jpg	0
3109.jpg	0
311.jpg 	0
3110.jpg	0
3111.jpg	0
3112.jpg	0
3113.jpg	0
3114.jpg	0
3115.jpg	0
3116.jpg	0
3117.jpg	0
3118.jpg	0
3119.jpg	0
312.jpg 	0
3120.jpg	0
3121.jpg	0
3122.jpg	0
3123.jpg	0
3124.jpg	0
3125.jpg	0
3126.jpg	0
3127.jpg	0
3128.jpg	0
3129.jpg	0
313.jpg 	0
3130.jpg	0
3131.jpg	0
3132.jpg	0
3133.jpg	0
3134.jpg	0
3135.jpg	0
3136.jpg	0
3137.jpg	0
3138.jpg	0
3139.jpg	0
314.jpg 	0
3140.jpg	0
3141.jpg	0
3142.jpg	0
3143.jpg	0
3144.jpg	0
3145.jpg	0
3146.jpg	0
3147.jpg	0
3148.jpg	0
3149.jpg	0
315.jpg 	0
3150.jpg	0
3151.jpg	0
3152.jpg	0
3153.jpg	0
3154.jpg	0
3155.jpg	0
3156.jpg	0
3157.jpg	0
3158.jpg	0
3159.jpg	0
316.jpg 	0
3160.jpg	0
3161.jpg	0
3162.jpg	0
3163.jpg	0
3164.jpg	0
3165.jpg	0
3166.jpg	0
3167.jpg	0
3168.jpg	0
3169.jpg	0
317.jpg 	0
3170.jpg	0
3171.jpg	0
3172.jpg	0
3173.jpg	0
3174.jpg	0
3175.jpg	0
3176.jpg	0
3177.jpg	0
3178.jpg	0
3179.jpg	0
318.jpg 	0
3180.jpg	0
3181.jpg	0
3182.jpg	0
3183.jpg	0
3184.jpg	0
3185.jpg	0
3186.jpg	0
3187.jpg	0
3188.jpg	0
3189.jpg	0
319.jpg 	0
3190.jpg	0
3191.jpg	0
3192.jpg	0
3193.jpg	0
3194.jpg	0
3195.jpg	0
3196.jpg	0
3197.jpg	0
3198.jpg	0
3199.jpg	0
32.jpg  	0
320.jpg 	0
3200.jpg	0
3201.jpg	0
3202.jpg	0
3203.jpg	0
3204.jpg	0
3205.jpg	0
3206.jpg	0
3207.jpg	0
3208.jpg	0
3209.jpg	0
321.jpg 	0
3210.jpg	0
3211.jpg	0
3212.jpg	0
3213.jpg	0
3214.jpg	0
3215.jpg	0
3216.jpg	0
3217.jpg	0
3218.jpg	0
3219.jpg	0
322.jpg 	0
3220.jpg	0
3221.jpg	0
3222.jpg	0
3223.jpg	0
323.jpg 	0
3233.jpg	0
3234.jpg	0
3235.jpg	0
3236.jpg	0
3237.jpg	0
324.jpg 	0
3242.jpg	0
3243.jpg	0
3244.jpg	0
3245.jpg	0
3246.jpg	0
3247.jpg	0
3248.jpg	0
3249.jpg	0
325.jpg 	0
3250.jpg	0
3251.jpg	0
3252.jpg	0
3253.jpg	0
3254.jpg	0
3255.jpg	0
3256.jpg	0
3257.jpg	0
3258.jpg	0
3259.jpg	0
326.jpg 	0
3260.jpg	0
3261.jpg	0
3262.jpg	0
327.jpg 	0
3272.jpg	0
3273.jpg	0
3274.jpg	0
3275.jpg	0
3276.jpg	0
3277.jpg	0
3278.jpg	0
3279.jpg	0
328.jpg 	0
3280.jpg	0
3281.jpg	0
3282.jpg	0
3283.jpg	0
3284.jpg	0
3285.jpg	0
3286.jpg	0
3287.jpg	0
3288.jpg	0
3289.jpg	0
329.jpg 	0
3290.jpg	0
3291.jpg	0
3292.jpg	0
3293.jpg	0
3294.jpg	0
3295.jpg	0
3296.jpg	0
3297.jpg	0
3298.jpg	0
3299.jpg	0
33.jpg  	0
330.jpg 	0
3300.jpg	0
3301.jpg	0
3302.jpg	0
3303.jpg	0
3304.jpg	0
3305.jpg	0
3306.jpg	0
3307.jpg	0
3308.jpg	0
3309.jpg	0
331.jpg 	0
3310.jpg	0
3311.jpg	0
3312.jpg	0
3313.jpg	0
3314.jpg	0
3315.jpg	0
3316.jpg	0
3317.jpg	0
3318.jpg	0
3319.jpg	0
332.jpg 	0
3320.jpg	0
3321.jpg	0
3322.jpg	0
3323.jpg	0
3324.jpg	0
3325.jpg	0
3326.jpg	0
3327.jpg	0
3328.jpg	0
3329.jpg	0
333.jpg 	0
3330.jpg	0
334.jpg 	0
3340.jpg	0
3341.jpg	0
3342.jpg	0
3343.jpg	0
3344.jpg	0
3345.jpg	0
3346.jpg	0
3347.jpg	0
3348.jpg	0
3349.jpg	0
335.jpg 	0
3350.jpg	0
3351.jpg	0
3352.jpg	0
3353.jpg	0
3354.jpg	0
3355.jpg	0
3356.jpg	0
3357.jpg	0
3358.jpg	0
3359.jpg	0
336.jpg 	0
3360.jpg	0
3361.jpg	0
3362.jpg	0
3363.jpg	0
3364.jpg	0
3365.jpg	0
3366.jpg	0
3367.jpg	0
3368.jpg	0
3369.jpg	0
337.jpg 	0
3370.jpg	0
3371.jpg	0
3372.jpg	0
3373.jpg	0
3374.jpg	0
3375.jpg	0
3376.jpg	0
3377.jpg	0
3378.jpg	0
3379.jpg	0
338.jpg 	0
3380.jpg	0
3381.jpg	0
3382.jpg	0
3383.jpg	0
3384.jpg	0
3385.jpg	0
3386.jpg	0
3387.jpg	0
3388.jpg	0
3389.jpg	0
339.jpg 	0
3390.jpg	0
3391.jpg	0
3392.jpg	0
3393.jpg	0
3394.jpg	0
3395.jpg	0
3396.jpg	0
3397.jpg	0
3398.jpg	0
3399.jpg	0
34.jpg  	0
340.jpg 	0
3400.jpg	0
3401.jpg	0
3402.jpg	0
3403.jpg	0
3404.jpg	0
3405.jpg	0
3406.jpg	0
3407.jpg	0
3408.jpg	0
3409.jpg	0
341.jpg 	0
3410.jpg	0
3411.jpg	0
3412.jpg	0
3413.jpg	0
3414.jpg	0
3415.jpg	0
3416.jpg	0
3417.jpg	0
3418.jpg	0
3419.jpg	0
342.jpg 	0
3420.jpg	0
3421.jpg	0
3422.jpg	0
3423.jpg	0
3424.jpg	0
3425.jpg	0
3426.jpg	0
3427.jpg	0
3428.jpg	0
3429.jpg	0
343.jpg 	0
3430.jpg	0
3431.jpg	0
3432.jpg	0
3433.jpg	0
3434.jpg	0
3435.jpg	0
3436.jpg	0
3437.jpg	0
3438.jpg	0
3439.jpg	0
344.jpg 	0
3440.jpg	0
3441.jpg	0
3442.jpg	0
3443.jpg	0
3444.jpg	0
3445.jpg	0
3446.jpg	0
3447.jpg	0
3448.jpg	0
3449.jpg	0
345.jpg 	0
3450.jpg	0
3451.jpg	0
3452.jpg	0
3453.jpg	0
3454.jpg	0
3455.jpg	0
3456.jpg	0
3457.jpg	0
3458.jpg	0
3459.jpg	0
346.jpg 	0
3460.jpg	0
3461.jpg	0
3462.jpg	0
3463.jpg	0
3464.jpg	0
3465.jpg	0
3466.jpg	0
3467.jpg	0
3468.jpg	0
3469.jpg	0
347.jpg 	0
3470.jpg	0
3471.jpg	0
3472.jpg	0
3473.jpg	0
3474.jpg	0
3475.jpg	0
3476.jpg	0
3477.jpg	0
3478.jpg	0
3479.jpg	0
348.jpg 	0
3480.jpg	0
3481.jpg	0
3482.jpg	0
3483.jpg	0
3484.jpg	0
3485.jpg	0
3486.jpg	0
3487.jpg	0
3488.jpg	0
349.jpg 	0
3497.jpg	0
3498.jpg	0
3499.jpg	0
35.jpg  	0
350.jpg 	0
3500.jpg	0
3501.jpg	0
3502.jpg	0
3503.jpg	0
3504.jpg	0
3505.jpg	0
3506.jpg	0
3507.jpg	0
3508.jpg	0
3509.jpg	0
351.jpg 	0
3510.jpg	0
3511.jpg	0
3512.jpg	0
3513.jpg	0
3514.jpg	0
3515.jpg	0
3516.jpg	0
3517.jpg	0
3518.jpg	0
3519.jpg	0
352.jpg 	0
3520.jpg	0
3521.jpg	0
3522.jpg	0
3523.jpg	0
3524.jpg	0
3525.jpg	0
3526.jpg	0
3527.jpg	0
3528.jpg	0
3529.jpg	0
353.jpg 	0
3530.jpg	0
3531.jpg	0
3532.jpg	0
3533.jpg	0
3534.jpg	0
3535.jpg	0
3536.jpg	0
3537.jpg	0
3538.jpg	0
3539.jpg	0
354.jpg 	0
3540.jpg	0
3541.jpg	0
3542.jpg	0
3543.jpg	0
3544.jpg	0
3545.jpg	0
3546.jpg	0
3547.jpg	0
3548.jpg	0
3549.jpg	0
355.jpg 	0
3550.jpg	0
3551.jpg	0
3552.jpg	0
3553.jpg	0
3554.jpg	0
3555.jpg	0
3556.jpg	0
3557.jpg	0
3558.jpg	0
3559.jpg	0
356.jpg 	0
3560.jpg	0
3561.jpg	0
3562.jpg	0
3563.jpg	0
3564.jpg	0
3565.jpg	0
3566.jpg	0
3567.jpg	0
3568.jpg	0
3569.jpg	0
357.jpg 	0
3570.jpg	0
3571.jpg	0
3572.jpg	0
3573.jpg	0
3574.jpg	0
3575.jpg	0
3576.jpg	0
3577.jpg	0
3578.jpg	0
3579.jpg	0
358.jpg 	0
3580.jpg	0
3581.jpg	0
3582.jpg	0
3583.jpg	0
3584.jpg	0
3585.jpg	0
3586.jpg	0
3587.jpg	0
3588.jpg	0
3589.jpg	0
359.jpg 	0
3590.jpg	0
3591.jpg	0
3592.jpg	0
3593.jpg	0
3594.jpg	0
3595.jpg	0
3596.jpg	0
3597.jpg	0
3598.jpg	0
3599.jpg	0
36.jpg  	0
360.jpg 	0
3600.jpg	0
3601.jpg	0
3602.jpg	0
3603.jpg	0
3604.jpg	0
3605.jpg	0
3606.jpg	0
3607.jpg	0
3608.jpg	0
3609.jpg	0
361.jpg 	0
3610.jpg	0
3611.jpg	0
3612.jpg	0
3613.jpg	0
3614.jpg	0
3615.jpg	0
3616.jpg	0
3617.jpg	0
3618.jpg	0
3619.jpg	0
362.jpg 	0
3620.jpg	0
3621.jpg	0
3622.jpg	0
3623.jpg	0
3624.jpg	0
3625.jpg	0
3626.jpg	0
3627.jpg	0
363.jpg 	0
3636.jpg	0
3637.jpg	0
3638.jpg	0
3639.jpg	0
364.jpg 	0
3640.jpg	0
3641.jpg	0
3642.jpg	0
3643.jpg	0
3644.jpg	0
3645.jpg	0
3646.jpg	0
3647.jpg	0
3648.jpg	0
3649.jpg	0
365.jpg 	0
3650.jpg	0
3651.jpg	0
3652.jpg	0
3653.jpg	0
3654.jpg	0
3655.jpg	0
3656.jpg	0
3657.jpg	0
3658.jpg	0
3659.jpg	0
366.jpg 	0
3660.jpg	0
3661.jpg	0
3662.jpg	0
3663.jpg	0
3664.jpg	0
3665.jpg	0
3666.jpg	0
3667.jpg	0
3668.jpg	0
3669.jpg	0
3670.jpg	0
3671.jpg	0
3672.jpg	0
3673.jpg	0
3674.jpg	0
3675.jpg	0
3676.jpg	0
3677.jpg	0
3678.jpg	0
3679.jpg	0
3680.jpg	0
3681.jpg	0
3682.jpg	0
3683.jpg	0
3684.jpg	0
3685.jpg	0
3686.jpg	0
3687.jpg	0
3688.jpg	0
3689.jpg	0
3690.jpg	0
3691.jpg	0
3692.jpg	0
3693.jpg	0
3694.jpg	0
3695.jpg	0
3696.jpg	0
3697.jpg	0
3698.jpg	0
3699.jpg	0
37.jpg  	0
3700.jpg	0
3701.jpg	0
3702.jpg	0
3703.jpg	0
3704.jpg	0
3705.jpg	0
3706.jpg	0
3707.jpg	0
3708.jpg	0
3709.jpg	0
3710.jpg	0
3711.jpg	0
3712.jpg	0
3713.jpg	0
3714.jpg	0
3715.jpg	0
3716.jpg	0
3717.jpg	0
3718.jpg	0
3719.jpg	0
3720.jpg	0
3721.jpg	0
3722.jpg	0
3723.jpg	0
3724.jpg	0
3725.jpg	0
3726.jpg	0
3727.jpg	0
3728.jpg	0
3729.jpg	0
3730.jpg	0
3731.jpg	0
3732.jpg	0
3733.jpg	0
3734.jpg	0
3735.jpg	0
3736.jpg	0
3737.jpg	0
3738.jpg	0
3739.jpg	0
3740.jpg	0
3741.jpg	0
3742.jpg	0
3743.jpg	0
3744.jpg	0
3745.jpg	0
3746.jpg	0
3747.jpg	0
3748.jpg	0
3749.jpg	0
3750.jpg	0
3751.jpg	0
3752.jpg	0
3753.jpg	0
3754.jpg	0
3755.jpg	0
3756.jpg	0
3757.jpg	0
3758.jpg	0
3759.jpg	0
3760.jpg	0
3761.jpg	0
3762.jpg	0
3763.jpg	0
3764.jpg	0
3765.jpg	0
3766.jpg	0
3767.jpg	0
3768.jpg	0
3769.jpg	0
3770.jpg	0
3771.jpg	0
3772.jpg	0
3773.jpg	0
3774.jpg	0
3775.jpg	0
3776.jpg	0
3777.jpg	0
3778.jpg	0
3779.jpg	0
3780.jpg	0
3781.jpg	0
3782.jpg	0
3783.jpg	0
3784.jpg	0
3785.jpg	0
3786.jpg	0
3787.jpg	0
3788.jpg	0
3789.jpg	0
3790.jpg	0
3791.jpg	0
3792.jpg	0
3793.jpg	0
3794.jpg	0
3795.jpg	0
3796.jpg	0
3797.jpg	0
3798.jpg	0
3799.jpg	0
38.jpg  	0
3800.jpg	0
3801.jpg	0
3802.jpg	0
3803.jpg	0
3804.jpg	0
3805.jpg	0
3806.jpg	0
3807.jpg	0
3808.jpg	0
3809.jpg	0
381.jpg 	0
3810.jpg	0
3811.jpg	0
3812.jpg	0
3813.jpg	0
3814.jpg	0
3815.jpg	0
3816.jpg	0
3817.jpg	0
3818.jpg	0
3819.jpg	0
382.jpg 	0
3820.jpg	0
3821.jpg	0
3822.jpg	0
3823.jpg	0
3824.jpg	0
3825.jpg	0
3826.jpg	0
3827.jpg	0
3828.jpg	0
3829.jpg	0
383.jpg 	0
3830.jpg	0
3831.jpg	0
3832.jpg	0
3833.jpg	0
3834.jpg	0
384.jpg 	0
3843.jpg	0
3844.jpg	0
3845.jpg	0
3846.jpg	0
3847.jpg	0
3848.jpg	0
3849.jpg	0
385.jpg 	0
3850.jpg	0
3851.jpg	0
3852.jpg	0
3853.jpg	0
3854.jpg	0
3855.jpg	0
3856.jpg	0
3857.jpg	0
3858.jpg	0
3859.jpg	0
386.jpg 	0
3860.jpg	0
3861.jpg	0
3862.jpg	0
3863.jpg	0
3864.jpg	0
3865.jpg	0
3866.jpg	0
3867.jpg	0
3868.jpg	0
3869.jpg	0
387.jpg 	0
3870.jpg	0
3871.jpg	0
3872.jpg	0
3883.jpg	0
3884.jpg	0
3885.jpg	0
3886.jpg	0
3887.jpg	0
3888.jpg	0
3889.jpg	0
3890.jpg	0
3891.jpg	0
3892.jpg	0
3893.jpg	0
3894.jpg	0
3895.jpg	0
3896.jpg	0
3897.jpg	0
3898.jpg	0
3899.jpg	0
39.jpg  	0
3900.jpg	0
3901.jpg	0
3902.jpg	0
3903.jpg	0
3904.jpg	0
3905.jpg	0
3906.jpg	0
3907.jpg	0
3908.jpg	0
3909.jpg	0
3910.jpg	0
3911.jpg	0
3912.jpg	0
3913.jpg	0
3914.jpg	0
3915.jpg	0
3916.jpg	0
3917.jpg	0
3918.jpg	0
3919.jpg	0
3920.jpg	0
3921.jpg	0
3922.jpg	0
3923.jpg	0
3924.jpg	0
3925.jpg	0
3926.jpg	0
3927.jpg	0
3928.jpg	0
3929.jpg	0
3930.jpg	0
3931.jpg	0
3932.jpg	0
3933.jpg	0
3934.jpg	0
3935.jpg	0
3936.jpg	0
3937.jpg	0
3938.jpg	0
3939.jpg	0
3940.jpg	0
3941.jpg	0
3942.jpg	0
3943.jpg	0
3944.jpg	0
3945.jpg	0
3946.jpg	0
3947.jpg	0
3948.jpg	0
3949.jpg	0
3950.jpg	0
3951.jpg	0
3952.jpg	0
3953.jpg	0
3954.jpg	0
3955.jpg	0
3956.jpg	0
3957.jpg	0
3958.jpg	0
3959.jpg	0
3960.jpg	0
3961.jpg	0
3962.jpg	0
3963.jpg	0
3964.jpg	0
3965.jpg	0
3966.jpg	0
3967.jpg	0
3968.jpg	0
3969.jpg	0
3970.jpg	0
3971.jpg	0
3972.jpg	0
3973.jpg	0
3974.jpg	0
3975.jpg	0
3976.jpg	0
3977.jpg	0
3978.jpg	0
3979.jpg	0
3980.jpg	0
3981.jpg	0
3982.jpg	0
3983.jpg	0
3984.jpg	0
3985.jpg	0
3986.jpg	0
3987.jpg	0
3988.jpg	0
3989.jpg	0
3990.jpg	0
3991.jpg	0
3992.jpg	0
3993.jpg	0
3994.jpg	0
3995.jpg	0
3996.jpg	0
3997.jpg	0
3998.jpg	0
3999.jpg	0
4.jpg   	0
40.jpg  	0
400.jpg 	0
4000.jpg	0
4001.jpg	0
4002.jpg	0
4003.jpg	0
4004.jpg	0
4005.jpg	0
4006.jpg	0
4007.jpg	0
4008.jpg	0
4009.jpg	0
401.jpg 	0
4010.jpg	0
4011.jpg	0
4012.jpg	0
4013.jpg	0
4014.jpg	0
4015.jpg	0
4016.jpg	0
4017.jpg	0
4018.jpg	0
4019.jpg	0
402.jpg 	0
4020.jpg	0
4021.jpg	0
4022.jpg	0
4023.jpg	0
4024.jpg	0
4025.jpg	0
4026.jpg	0
4027.jpg	0
4028.jpg	0
4029.jpg	0
403.jpg 	0
4030.jpg	0
4031.jpg	0
4032.jpg	0
4033.jpg	0
4034.jpg	0
4035.jpg	0
4036.jpg	0
4037.jpg	0
4038.jpg	0
4039.jpg	0
404.jpg 	0
4040.jpg	0
4041.jpg	0
4042.jpg	0
4043.jpg	0
4044.jpg	0
4045.jpg	0
4046.jpg	0
4047.jpg	0
4048.jpg	0
4049.jpg	0
405.jpg 	0
4050.jpg	0
4051.jpg	0
4052.jpg	0
4053.jpg	0
4054.jpg	0
4055.jpg	0
4056.jpg	0
4057.jpg	0
4058.jpg	0
4059.jpg	0
406.jpg 	0
4060.jpg	0
4061.jpg	0
4062.jpg	0
4063.jpg	0
4064.jpg	0
4065.jpg	0
4066.jpg	0
4067.jpg	0
4068.jpg	0
4069.jpg	0
407.jpg 	0
4070.jpg	0
4071.jpg	0
4072.jpg	0
4073.jpg	0
4074.jpg	0
4075.jpg	0
4076.jpg	0
4077.jpg	0
4078.jpg	0
4079.jpg	0
408.jpg 	0
4080.jpg	0
4081.jpg	0
4082.jpg	0
4083.jpg	0
4084.jpg	0
4085.jpg	0
4086.jpg	0
4087.jpg	0
4088.jpg	0
4089.jpg	0
409.jpg 	0
4090.jpg	0
4091.jpg	0
4092.jpg	0
4093.jpg	0
4094.jpg	0
4095.jpg	0
4096.jpg	0
4097.jpg	0
4098.jpg	0
4099.jpg	0
41.jpg  	0
410.jpg 	0
4100.jpg	0
4101.jpg	0
4102.jpg	0
4103.jpg	0
4104.jpg	0
4105.jpg	0
4106.jpg	0
4107.jpg	0
4108.jpg	0
4109.jpg	0
411.jpg 	0
4110.jpg	0
4111.jpg	0
4112.jpg	0
4113.jpg	0
4114.jpg	0
4115.jpg	0
4116.jpg	0
4117.jpg	0
4118.jpg	0
4119.jpg	0
412.jpg 	0
4120.jpg	0
4121.jpg	0
4122.jpg	0
4123.jpg	0
4124.jpg	0
4125.jpg	0
4126.jpg	0
4127.jpg	0
4128.jpg	0
4129.jpg	0
413.jpg 	0
4130.jpg	0
4131.jpg	0
4132.jpg	0
4133.jpg	0
4134.jpg	0
4135.jpg	0
4136.jpg	0
4137.jpg	0
4138.jpg	0
4139.jpg	0
414.jpg 	0
4140.jpg	0
4141.jpg	0
4142.jpg	0
4143.jpg	0
4144.jpg	0
4145.jpg	0
4146.jpg	0
4147.jpg	0
4148.jpg	0
4149.jpg	0
415.jpg 	0
4150.jpg	0
4151.jpg	0
4152.jpg	0
4153.jpg	0
4154.jpg	0
4155.jpg	0
4156.jpg	0
4157.jpg	0
4158.jpg	0
4159.jpg	0
416.jpg 	0
4160.jpg	0
4161.jpg	0
4162.jpg	0
4163.jpg	0
4164.jpg	0
4165.jpg	0
4166.jpg	0
4167.jpg	0
4168.jpg	0
4169.jpg	0
417.jpg 	0
4170.jpg	0
4171.jpg	0
4172.jpg	0
4173.jpg	0
4174.jpg	0
4175.jpg	0
4176.jpg	0
4177.jpg	0
4178.jpg	0
4179.jpg	0
418.jpg 	0
4180.jpg	0
4181.jpg	0
4182.jpg	0
4183.jpg	0
4184.jpg	0
4185.jpg	0
4186.jpg	0
4187.jpg	0
4188.jpg	0
4189.jpg	0
419.jpg 	0
4190.jpg	0
4191.jpg	0
4192.jpg	0
4193.jpg	0
4194.jpg	0
4195.jpg	0
4196.jpg	0
4197.jpg	0
4198.jpg	0
4199.jpg	0
42.jpg  	0
420.jpg 	0
4200.jpg	0
4201.jpg	0
4202.jpg	0
4203.jpg	0
4204.jpg	0
4205.jpg	0
4206.jpg	0
4207.jpg	0
4208.jpg	0
4209.jpg	0
421.jpg 	0
4210.jpg	0
4211.jpg	0
4212.jpg	0
4213.jpg	0
4214.jpg	0
4215.jpg	0
4216.jpg	0
4217.jpg	0
4218.jpg	0
4219.jpg	0
422.jpg 	0
4220.jpg	0
4221.jpg	0
4222.jpg	0
4223.jpg	0
4224.jpg	0
4225.jpg	0
4226.jpg	0
4227.jpg	0
4228.jpg	0
4229.jpg	0
423.jpg 	0
4230.jpg	0
4231.jpg	0
4232.jpg	0
4233.jpg	0
4234.jpg	0
4235.jpg	0
4236.jpg	0
4237.jpg	0
4238.jpg	0
4239.jpg	0
424.jpg 	0
4240.jpg	0
4241.jpg	0
4242.jpg	0
4243.jpg	0
4244.jpg	0
4245.jpg	0
4246.jpg	0
4247.jpg	0
4248.jpg	0
4249.jpg	0
425.jpg 	0
4250.jpg	0
4251.jpg	0
4252.jpg	0
4253.jpg	0
4254.jpg	0
4255.jpg	0
4256.jpg	0
4257.jpg	0
4258.jpg	0
4259.jpg	0
426.jpg 	0
4260.jpg	0
4261.jpg	0
4262.jpg	0
4263.jpg	0
4264.jpg	0
4265.jpg	0
4266.jpg	0
4267.jpg	0
4268.jpg	0
4269.jpg	0
427.jpg 	0
4270.jpg	0
4271.jpg	0
4272.jpg	0
4273.jpg	0
4274.jpg	0
4275.jpg	0
4276.jpg	0
4277.jpg	0
4278.jpg	0
4279.jpg	0
428.jpg 	0
4280.jpg	0
4281.jpg	0
4282.jpg	0
4283.jpg	0
4284.jpg	0
4285.jpg	0
4286.jpg	0
4287.jpg	0
4288.jpg	0
4289.jpg	0
429.jpg 	0
4290.jpg	0
4291.jpg	0
4292.jpg	0
4293.jpg	0
4294.jpg	0
4295.jpg	0
4296.jpg	0
4297.jpg	0
4298.jpg	0
4299.jpg	0
43.jpg  	0
430.jpg 	0
4300.jpg	0
4301.jpg	0
4302.jpg	0
4303.jpg	0
4304.jpg	0
4305.jpg	0
4306.jpg	0
4307.jpg	0
4308.jpg	0
4309.jpg	0
431.jpg 	0
4310.jpg	0
4311.jpg	0
4312.jpg	0
4313.jpg	0
4314.jpg	0
4315.jpg	0
4316.jpg	0
4317.jpg	0
4318.jpg	0
4319.jpg	0
432.jpg 	0
4320.jpg	0
4321.jpg	0
4322.jpg	0
4323.jpg	0
4324.jpg	0
4325.jpg	0
4326.jpg	0
4327.jpg	0
4328.jpg	0
4329.jpg	0
433.jpg 	0
4330.jpg	0
4331.jpg	0
4332.jpg	0
4333.jpg	0
4334.jpg	0
4335.jpg	0
4336.jpg	0
4337.jpg	0
4338.jpg	0
4339.jpg	0
434.jpg 	0
4340.jpg	0
4341.jpg	0
4342.jpg	0
4343.jpg	0
4344.jpg	0
4345.jpg	0
4346.jpg	0
4347.jpg	0
4348.jpg	0
4349.jpg	0
435.jpg 	0
4350.jpg	0
4351.jpg	0
4352.jpg	0
4353.jpg	0
4354.jpg	0
4355.jpg	0
4356.jpg	0
436.jpg 	0
4364.jpg	0
4365.jpg	0
4366.jpg	0
4367.jpg	0
4368.jpg	0
437.jpg 	0
4377.jpg	0
4378.jpg	0
4379.jpg	0
438.jpg 	0
4380.jpg	0
4381.jpg	0
4382.jpg	0
4383.jpg	0
4384.jpg	0
4385.jpg	0
4386.jpg	0
4387.jpg	0
4388.jpg	0
4389.jpg	0
439.jpg 	0
4390.jpg	0
4391.jpg	0
4392.jpg	0
44.jpg  	0
440.jpg 	0
4402.jpg	0
4403.jpg	0
4404.jpg	0
4405.jpg	0
4406.jpg	0
4407.jpg	0
4408.jpg	0
4409.jpg	0
441.jpg 	0
4410.jpg	0
4411.jpg	0
4412.jpg	0
4413.jpg	0
4414.jpg	0
4415.jpg	0
4416.jpg	0
4417.jpg	0
4418.jpg	0
4419.jpg	0
442.jpg 	0
4420.jpg	0
4421.jpg	0
4422.jpg	0
4423.jpg	0
4424.jpg	0
4425.jpg	0
4426.jpg	0
4427.jpg	0
4428.jpg	0
4429.jpg	0
443.jpg 	0
4430.jpg	0
4431.jpg	0
4432.jpg	0
4433.jpg	0
4434.jpg	0
4435.jpg	0
4436.jpg	0
4437.jpg	0
4438.jpg	0
4439.jpg	0
444.jpg 	0
4440.jpg	0
4441.jpg	0
4442.jpg	0
4443.jpg	0
4444.jpg	0
4445.jpg	0
4446.jpg	0
4447.jpg	0
4448.jpg	0
4449.jpg	0
445.jpg 	0
4450.jpg	0
4451.jpg	0
4452.jpg	0
4453.jpg	0
4454.jpg	0
4455.jpg	0
4456.jpg	0
4457.jpg	0
4458.jpg	0
4459.jpg	0
446.jpg 	0
4460.jpg	0
4461.jpg	0
4462.jpg	0
447.jpg 	0
4472.jpg	0
4473.jpg	0
4474.jpg	0
4475.jpg	0
4476.jpg	0
4477.jpg	0
4478.jpg	0
4479.jpg	0
448.jpg 	0
4480.jpg	0
4481.jpg	0
4482.jpg	0
4483.jpg	0
4484.jpg	0
4485.jpg	0
4486.jpg	0
4487.jpg	0
4488.jpg	0
4489.jpg	0
449.jpg 	0
4490.jpg	0
4491.jpg	0
4492.jpg	0
4493.jpg	0
4494.jpg	0
4495.jpg	0
4496.jpg	0
4497.jpg	0
4498.jpg	0
4499.jpg	0
45.jpg  	0
450.jpg 	0
4500.jpg	0
4501.jpg	0
4502.jpg	0
4503.jpg	0
4504.jpg	0
4505.jpg	0
4506.jpg	0
4507.jpg	0
4508.jpg	0
4509.jpg	0
451.jpg 	0
4510.jpg	0
4511.jpg	0
4512.jpg	0
4513.jpg	0
4514.jpg	0
4515.jpg	0
4516.jpg	0
4517.jpg	0
4518.jpg	0
4519.jpg	0
452.jpg 	0
4520.jpg	0
4521.jpg	0
4522.jpg	0
4523.jpg	0
4524.jpg	0
4525.jpg	0
4526.jpg	0
4527.jpg	0
4528.jpg	0
4529.jpg	0
453.jpg 	0
4530.jpg	0
4531.jpg	0
4532.jpg	0
4533.jpg	0
4534.jpg	0
4535.jpg	0
4536.jpg	0
4537.jpg	0
4538.jpg	0
4539.jpg	0
454.jpg 	0
4540.jpg	0
4541.jpg	0
4542.jpg	0
4543.jpg	0
4544.jpg	0
4545.jpg	0
4546.jpg	0
4547.jpg	0
4548.jpg	0
4549.jpg	0
455.jpg 	0
4550.jpg	0
4551.jpg	0
4552.jpg	0
4553.jpg	0
4554.jpg	0
4555.jpg	0
4556.jpg	0
4557.jpg	0
4558.jpg	0
4559.jpg	0
456.jpg 	0
4560.jpg	0
4561.jpg	0
4562.jpg	0
4563.jpg	0
4564.jpg	0
4565.jpg	0
4566.jpg	0
4567.jpg	0
4568.jpg	0
4569.jpg	0
457.jpg 	0
4570.jpg	0
4571.jpg	0
4572.jpg	0
4573.jpg	0
4574.jpg	0
4575.jpg	0
4576.jpg	0
4577.jpg	0
4578.jpg	0
4579.jpg	0
458.jpg 	0
4580.jpg	0
4581.jpg	0
4582.jpg	0
4583.jpg	0
4584.jpg	0
4585.jpg	0
4586.jpg	0
4587.jpg	0
4588.jpg	0
4589.jpg	0
459.jpg 	0
4590.jpg	0
4591.jpg	0
4592.jpg	0
4593.jpg	0
4594.jpg	0
4595.jpg	0
4596.jpg	0
4597.jpg	0
4598.jpg	0
4599.jpg	0
46.jpg  	0
460.jpg 	0
4600.jpg	0
4601.jpg	0
4602.jpg	0
4603.jpg	0
4604.jpg	0
4605.jpg	0
4606.jpg	0
4607.jpg	0
4608.jpg	0
4609.jpg	0
461.jpg 	0
4610.jpg	0
4611.jpg	0
4612.jpg	0
4613.jpg	0
4614.jpg	0
4615.jpg	0
4616.jpg	0
4617.jpg	0
4618.jpg	0
4619.jpg	0
462.jpg 	0
4620.jpg	0
4621.jpg	0
4622.jpg	0
4623.jpg	0
4624.jpg	0
4625.jpg	0
4626.jpg	0
4627.jpg	0
4628.jpg	0
4629.jpg	0
463.jpg 	0
4630.jpg	0
4631.jpg	0
4632.jpg	0
4633.jpg	0
4634.jpg	0
4635.jpg	0
4636.jpg	0
4637.jpg	0
4638.jpg	0
4639.jpg	0
464.jpg 	0
4640.jpg	0
4641.jpg	0
4642.jpg	0
4643.jpg	0
4644.jpg	0
4645.jpg	0
4646.jpg	0
4647.jpg	0
4648.jpg	0
4649.jpg	0
465.jpg 	0
4650.jpg	0
4651.jpg	0
4652.jpg	0
4653.jpg	0
4654.jpg	0
4655.jpg	0
4656.jpg	0
4657.jpg	0
4658.jpg	0
4659.jpg	0
466.jpg 	0
4660.jpg	0
4661.jpg	0
4662.jpg	0
4663.jpg	0
4664.jpg	0
4665.jpg	0
4666.jpg	0
4667.jpg	0
4668.jpg	0
4669.jpg	0
467.jpg 	0
4670.jpg	0
4671.jpg	0
4672.jpg	0
4673.jpg	0
4674.jpg	0
4675.jpg	0
4676.jpg	0
4677.jpg	0
4678.jpg	0
4679.jpg	0
468.jpg 	0
4680.jpg	0
4681.jpg	0
4682.jpg	0
4683.jpg	0
4684.jpg	0
4685.jpg	0
4686.jpg	0
4687.jpg	0
4688.jpg	0
4689.jpg	0
469.jpg 	0
4690.jpg	0
4691.jpg	0
4692.jpg	0
4693.jpg	0
4694.jpg	0
4695.jpg	0
4696.jpg	0
4697.jpg	0
4698.jpg	0
4699.jpg	0
47.jpg  	0
470.jpg 	0
4700.jpg	0
4701.jpg	0
4702.jpg	0
4703.jpg	0
4704.jpg	0
4705.jpg	0
4706.jpg	0
4707.jpg	0
4708.jpg	0
4709.jpg	0
471.jpg 	0
4710.jpg	0
4711.jpg	0
4712.jpg	0
4713.jpg	0
4714.jpg	0
4715.jpg	0
4716.jpg	0
4717.jpg	0
4718.jpg	0
4719.jpg	0
472.jpg 	0
4720.jpg	0
4721.jpg	0
4722.jpg	0
4723.jpg	0
4724.jpg	0
4725.jpg	0
4726.jpg	0
4727.jpg	0
4728.jpg	0
4729.jpg	0
473.jpg 	0
4730.jpg	0
4731.jpg	0
4732.jpg	0
4733.jpg	0
4734.jpg	0
4735.jpg	0
4736.jpg	0
4737.jpg	0
4738.jpg	0
4739.jpg	0
474.jpg 	0
4740.jpg	0
4741.jpg	0
4742.jpg	0
4743.jpg	0
4744.jpg	0
4745.jpg	0
4746.jpg	0
4747.jpg	0
4748.jpg	0
4749.jpg	0
475.jpg 	0
4750.jpg	0
4751.jpg	0
4752.jpg	0
4753.jpg	0
4754.jpg	0
4755.jpg	0
4756.jpg	0
4757.jpg	0
4758.jpg	0
4759.jpg	0
476.jpg 	0
4760.jpg	0
4761.jpg	0
4762.jpg	0
4763.jpg	0
4764.jpg	0
4765.jpg	0
4766.jpg	0
4767.jpg	0
4768.jpg	0
4769.jpg	0
477.jpg 	0
4770.jpg	0
4771.jpg	0
4772.jpg	0
4773.jpg	0
4774.jpg	0
4775.jpg	0
4776.jpg	0
4777.jpg	0
4778.jpg	0
4779.jpg	0
478.jpg 	0
4780.jpg	0
4781.jpg	0
4782.jpg	0
4783.jpg	0
4784.jpg	0
4785.jpg	0
4786.jpg	0
4787.jpg	0
4788.jpg	0
4789.jpg	0
479.jpg 	0
4790.jpg	0
4791.jpg	0
4792.jpg	0
4793.jpg	0
4794.jpg	0
4795.jpg	0
4796.jpg	0
4797.jpg	0
4798.jpg	0
4799.jpg	0
48.jpg  	0
480.jpg 	0
4800.jpg	0
4801.jpg	0
4802.jpg	0
4803.jpg	0
4804.jpg	0
4805.jpg	0
4806.jpg	0
4807.jpg	0
4808.jpg	0
4809.jpg	0
481.jpg 	0
4810.jpg	0
4811.jpg	0
4812.jpg	0
4813.jpg	0
4814.jpg	0
4815.jpg	0
4816.jpg	0
4817.jpg	0
4818.jpg	0
4819.jpg	0
482.jpg 	0
4820.jpg	0
4821.jpg	0
4822.jpg	0
4823.jpg	0
4824.jpg	0
4825.jpg	0
4826.jpg	0
4827.jpg	0
4828.jpg	0
4829.jpg	0
483.jpg 	0
4830.jpg	0
4831.jpg	0
4832.jpg	0
4833.jpg	0
4834.jpg	0
4835.jpg	0
4836.jpg	0
4837.jpg	0
4838.jpg	0
4839.jpg	0
484.jpg 	0
4840.jpg	0
4841.jpg	0
4842.jpg	0
4843.jpg	0
4844.jpg	0
4845.jpg	0
4846.jpg	0
4847.jpg	0
4848.jpg	0
4849.jpg	0
485.jpg 	0
4850.jpg	0
4851.jpg	0
4852.jpg	0
4853.jpg	0
4854.jpg	0
4855.jpg	0
4856.jpg	0
4857.jpg	0
4858.jpg	0
4859.jpg	0
486.jpg 	0
4860.jpg	0
4861.jpg	0
4862.jpg	0
4863.jpg	0
4864.jpg	0
4865.jpg	0
4866.jpg	0
4867.jpg	0
4868.jpg	0
4869.jpg	0
487.jpg 	0
4870.jpg	0
4871.jpg	0
4872.jpg	0
4873.jpg	0
4874.jpg	0
4875.jpg	0
4876.jpg	0
4877.jpg	0
4878.jpg	0
4879.jpg	0
488.jpg 	0
4880.jpg	0
4881.jpg	0
4882.jpg	0
4883.jpg	0
4884.jpg	0
4885.jpg	0
4886.jpg	0
4887.jpg	0
4888.jpg	0
4889.jpg	0
489.jpg 	0
4890.jpg	0
4891.jpg	0
4892.jpg	0
4893.jpg	0
4894.jpg	0
4895.jpg	0
4896.jpg	0
4897.jpg	0
4898.jpg	0
4899.jpg	0
49.jpg  	0
490.jpg 	0
4900.jpg	0
4901.jpg	0
4902.jpg	0
4903.jpg	0
4904.jpg	0
4905.jpg	0
4906.jpg	0
4907.jpg	0
4908.jpg	0
4909.jpg	0
491.jpg 	0
4910.jpg	0
4911.jpg	0
4912.jpg	0
4913.jpg	0
4914.jpg	0
4915.jpg	0
4916.jpg	0
4917.jpg	0
4918.jpg	0
4919.jpg	0
492.jpg 	0
4920.jpg	0
4921.jpg	0
4922.jpg	0
4923.jpg	0
4924.jpg	0
4925.jpg	0
4926.jpg	0
4927.jpg	0
4928.jpg	0
4929.jpg	0
493.jpg 	0
4930.jpg	0
4931.jpg	0
4932.jpg	0
4933.jpg	0
4934.jpg	0
4935.jpg	0
4936.jpg	0
4937.jpg	0
4938.jpg	0
4939.jpg	0
4940.jpg	0
4941.jpg	0
4942.jpg	0
4943.jpg	0
4944.jpg	0
4945.jpg	0
4946.jpg	0
4947.jpg	0
4948.jpg	0
4949.jpg	0
4950.jpg	0
4951.jpg	0
4952.jpg	0
4953.jpg	0
4954.jpg	0
4955.jpg	0
4956.jpg	0
4957.jpg	0
4958.jpg	0
4959.jpg	0
4960.jpg	0
4961.jpg	0
4962.jpg	0
4963.jpg	0
4964.jpg	0
4965.jpg	0
4966.jpg	0
4967.jpg	0
4968.jpg	0
4969.jpg	0
4970.jpg	0
4971.jpg	0
4972.jpg	0
4973.jpg	0
4974.jpg	0
4975.jpg	0
4976.jpg	0
4977.jpg	0
4978.jpg	0
4979.jpg	0
4980.jpg	0
4981.jpg	0
4982.jpg	0
4983.jpg	0
4984.jpg	0
4985.jpg	0
4986.jpg	0
4987.jpg	0
4988.jpg	0
4989.jpg	0
4990.jpg	0
4991.jpg	0
4992.jpg	0
4993.jpg	0
4994.jpg	0
4995.jpg	0
4996.jpg	0
4997.jpg	0
4998.jpg	0
4999.jpg	0
5.jpg   	0
50.jpg  	0
5000.jpg	0
5009.jpg	0
5010.jpg	0
5011.jpg	0
5012.jpg	0
5013.jpg	0
5014.jpg	0
5015.jpg	0
5016.jpg	0
5017.jpg	0
5018.jpg	0
5019.jpg	0
5020.jpg	0
5021.jpg	0
5022.jpg	0
5023.jpg	0
5024.jpg	0
5025.jpg	0
5026.jpg	0
5027.jpg	0
5028.jpg	0
5029.jpg	0
5030.jpg	0
5031.jpg	0
5032.jpg	0
5033.jpg	0
5034.jpg	0
5035.jpg	0
5036.jpg	0
5037.jpg	0
5038.jpg	0
5039.jpg	0
5040.jpg	0
5041.jpg	0
5042.jpg	0
5043.jpg	0
5044.jpg	0
5045.jpg	0
5046.jpg	0
5047.jpg	0
5048.jpg	0
5049.jpg	0
5050.jpg	0
5051.jpg	0
5052.jpg	0
5053.jpg	0
5054.jpg	0
5055.jpg	0
5056.jpg	0
5057.jpg	0
5058.jpg	0
5059.jpg	0
5060.jpg	0
5061.jpg	0
5062.jpg	0
5063.jpg	0
5064.jpg	0
5065.jpg	0
5066.jpg	0
5067.jpg	0
5068.jpg	0
5069.jpg	0
5070.jpg	0
5071.jpg	0
5072.jpg	0
5073.jpg	0
5074.jpg	0
5075.jpg	0
5076.jpg	0
5077.jpg	0
5078.jpg	0
5079.jpg	0
5080.jpg	0
5081.jpg	0
5082.jpg	0
5083.jpg	0
5084.jpg	0
5085.jpg	0
5086.jpg	0
5087.jpg	0
5088.jpg	0
5089.jpg	0
5090.jpg	0
5091.jpg	0
5092.jpg	0
5093.jpg	0
5094.jpg	0
5095.jpg	0
5096.jpg	0
5097.jpg	0
5098.jpg	0
5099.jpg	0
51.jpg  	0
510.jpg 	0
5100.jpg	0
5101.jpg	0
511.jpg 	0
5114.jpg	0
5115.jpg	0
5116.jpg	0
5117.jpg	0
5118.jpg	0
5119.jpg	0
512.jpg 	0
5120.jpg	0
5121.jpg	0
5122.jpg	0
5123.jpg	0
5124.jpg	0
5125.jpg	0
5126.jpg	0
5127.jpg	0
5128.jpg	0
5129.jpg	0
513.jpg 	0
5130.jpg	0
5131.jpg	0
5132.jpg	0
5133.jpg	0
5134.jpg	0
5135.jpg	0
5136.jpg	0
5137.jpg	0
5138.jpg	0
5139.jpg	0
514.jpg 	0
5140.jpg	0
5141.jpg	0
5142.jpg	0
5143.jpg	0
5144.jpg	0
5145.jpg	0
5146.jpg	0
5147.jpg	0
5148.jpg	0
5149.jpg	0
515.jpg 	0
5150.jpg	0
5151.jpg	0
5152.jpg	0
5153.jpg	0
5154.jpg	0
5155.jpg	0
5156.jpg	0
5157.jpg	0
5158.jpg	0
5159.jpg	0
516.jpg 	0
5160.jpg	0
5161.jpg	0
5162.jpg	0
5163.jpg	0
5164.jpg	0
5165.jpg	0
5166.jpg	0
5167.jpg	0
5168.jpg	0
5169.jpg	0
517.jpg 	0
5170.jpg	0
5171.jpg	0
5172.jpg	0
5173.jpg	0
5174.jpg	0
5175.jpg	0
5176.jpg	0
5177.jpg	0
5178.jpg	0
5179.jpg	0
518.jpg 	0
5180.jpg	0
5181.jpg	0
5182.jpg	0
5183.jpg	0
5184.jpg	0
5185.jpg	0
5186.jpg	0
5187.jpg	0
5188.jpg	0
5189.jpg	0
519.jpg 	0
5190.jpg	0
5191.jpg	0
5192.jpg	0
5193.jpg	0
5194.jpg	0
5195.jpg	0
5196.jpg	0
5197.jpg	0
5198.jpg	0
5199.jpg	0
52.jpg  	0
520.jpg 	0
5200.jpg	0
5201.jpg	0
5202.jpg	0
5203.jpg	0
5204.jpg	0
5205.jpg	0
5206.jpg	0
5207.jpg	0
5208.jpg	0
5209.jpg	0
521.jpg 	0
5210.jpg	0
5211.jpg	0
5212.jpg	0
5213.jpg	0
5214.jpg	0
5215.jpg	0
5216.jpg	0
5217.jpg	0
5218.jpg	0
5219.jpg	0
522.jpg 	0
5220.jpg	0
5221.jpg	0
5222.jpg	0
5223.jpg	0
5224.jpg	0
5225.jpg	0
5226.jpg	0
5227.jpg	0
5228.jpg	0
5229.jpg	0
523.jpg 	0
5230.jpg	0
5231.jpg	0
5232.jpg	0
5233.jpg	0
5234.jpg	0
524.jpg 	0
525.jpg 	0
526.jpg 	0
527.jpg 	0
528.jpg 	0
529.jpg 	0
53.jpg  	0
530.jpg 	0
531.jpg 	0
54.jpg  	0
545.jpg 	0
546.jpg 	0
547.jpg 	0
548.jpg 	0
549.jpg 	0
55.jpg  	0
550.jpg 	0
551.jpg 	0
552.jpg 	0
553.jpg 	0
554.jpg 	0
555.jpg 	0
556.jpg 	0
557.jpg 	0
558.jpg 	0
559.jpg 	0
56.jpg  	0
560.jpg 	0
561.jpg 	0
562.jpg 	0
563.jpg 	0
564.jpg 	0
565.jpg 	0
566.jpg 	0
567.jpg 	0
568.jpg 	0
569.jpg 	0
57.jpg  	0
570.jpg 	0
571.jpg 	0
572.jpg 	0
573.jpg 	0
574.jpg 	0
575.jpg 	0
576.jpg 	0
577.jpg 	0
578.jpg 	0
579.jpg 	0
58.jpg  	0
580.jpg 	0
581.jpg 	0
582.jpg 	0
583.jpg 	0
584.jpg 	0
585.jpg 	0
586.jpg 	0
587.jpg 	0
588.jpg 	0
589.jpg 	0
59.jpg  	0
590.jpg 	0
591.jpg 	0
592.jpg 	0
593.jpg 	0
594.jpg 	0
595.jpg 	0
596.jpg 	0
597.jpg 	0
598.jpg 	0
599.jpg 	0
6.jpg   	0
60.jpg  	0
600.jpg 	0
6000.jpg	0
6001.jpg	0
6002.jpg	0
6003.jpg	0
6004.jpg	0
6005.jpg	0
6006.jpg	0
6007.jpg	0
6008.jpg	0
6009.jpg	0
601.jpg 	0
6010.jpg	0
6011.jpg	0
6012.jpg	0
6013.jpg	0
6014.jpg	0
6015.jpg	0
6016.jpg	0
6017.jpg	0
6018.jpg	0
6019.jpg	0
602.jpg 	0
6020.jpg	0
6021.jpg	0
6022.jpg	0
6023.jpg	0
6024.jpg	0
6025.jpg	0
6026.jpg	0
6027.jpg	0
6028.jpg	0
6029.jpg	0
603.jpg 	0
6030.jpg	0
6031.jpg	0
6032.jpg	0
6033.jpg	0
6034.jpg	0
6035.jpg	0
6036.jpg	0
6037.jpg	0
6038.jpg	0
6039.jpg	0
604.jpg 	0
6040.jpg	0
6041.jpg	0
6042.jpg	0
6043.jpg	0
6044.jpg	0
6045.jpg	0
6046.jpg	0
6047.jpg	0
6048.jpg	0
6049.jpg	0
605.jpg 	0
6050.jpg	0
6051.jpg	0
6052.jpg	0
6053.jpg	0
6054.jpg	0
6055.jpg	0
6056.jpg	0
6057.jpg	0
6058.jpg	0
6059.jpg	0
606.jpg 	0
6060.jpg	0
6061.jpg	0
6062.jpg	0
6063.jpg	0
6064.jpg	0
6065.jpg	0
6066.jpg	0
6067.jpg	0
6068.jpg	0
6069.jpg	0
607.jpg 	0
6070.jpg	0
6071.jpg	0
6072.jpg	0
6073.jpg	0
6074.jpg	0
6075.jpg	0
6076.jpg	0
6077.jpg	0
6078.jpg	0
6079.jpg	0
608.jpg 	0
6080.jpg	0
6081.jpg	0
6082.jpg	0
6083.jpg	0
6084.jpg	0
6085.jpg	0
6086.jpg	0
6087.jpg	0
6088.jpg	0
6089.jpg	0
609.jpg 	0
6090.jpg	0
6091.jpg	0
6092.jpg	0
6093.jpg	0
6094.jpg	0
6095.jpg	0
6096.jpg	0
6097.jpg	0
6098.jpg	0
6099.jpg	0
61.jpg  	0
610.jpg 	0
6100.jpg	0
6101.jpg	0
6102.jpg	0
6103.jpg	0
6104.jpg	0
6105.jpg	0
6106.jpg	0
6107.jpg	0
6108.jpg	0
6109.jpg	0
611.jpg 	0
6110.jpg	0
6111.jpg	0
6112.jpg	0
6113.jpg	0
6114.jpg	0
6115.jpg	0
6116.jpg	0
6117.jpg	0
6118.jpg	0
6119.jpg	0
612.jpg 	0
6120.jpg	0
6121.jpg	0
6122.jpg	0
6123.jpg	0
6124.jpg	0
6125.jpg	0
6126.jpg	0
6127.jpg	0
6128.jpg	0
6129.jpg	0
613.jpg 	0
6130.jpg	0
614.jpg 	0
6144.jpg	0
6145.jpg	0
6146.jpg	0
6147.jpg	0
6148.jpg	0
6149.jpg	0
615.jpg 	0
6150.jpg	0
6151.jpg	0
6152.jpg	0
6153.jpg	0
6154.jpg	0
6155.jpg	0
6156.jpg	0
6157.jpg	0
6158.jpg	0
6159.jpg	0
6160.jpg	0
6161.jpg	0
6162.jpg	0
6163.jpg	0
6164.jpg	0
6165.jpg	0
6166.jpg	0
6167.jpg	0
6168.jpg	0
6169.jpg	0
6170.jpg	0
6171.jpg	0
6172.jpg	0
6173.jpg	0
6174.jpg	0
6175.jpg	0
6176.jpg	0
6177.jpg	0
6178.jpg	0
6179.jpg	0
6180.jpg	0
6181.jpg	0
6182.jpg	0
6183.jpg	0
6184.jpg	0
6185.jpg	0
6186.jpg	0
6187.jpg	0
6188.jpg	0
6189.jpg	0
6190.jpg	0
6191.jpg	0
6192.jpg	0
6193.jpg	0
6194.jpg	0
6195.jpg	0
6196.jpg	0
6197.jpg	0
6198.jpg	0
6199.jpg	0
62.jpg  	0
6200.jpg	0
6201.jpg	0
6202.jpg	0
6203.jpg	0
6204.jpg	0
6205.jpg	0
6206.jpg	0
6207.jpg	0
6208.jpg	0
6209.jpg	0
6210.jpg	0
6211.jpg	0
6212.jpg	0
6213.jpg	0
6214.jpg	0
6215.jpg	0
6216.jpg	0
6217.jpg	0
6218.jpg	0
6219.jpg	0
6220.jpg	0
6221.jpg	0
6222.jpg	0
6223.jpg	0
6224.jpg	0
6240.jpg	0
6241.jpg	0
6242.jpg	0
6243.jpg	0
6244.jpg	0
6245.jpg	0
6246.jpg	0
6247.jpg	0
6248.jpg	0
6249.jpg	0
6250.jpg	0
6251.jpg	0
6252.jpg	0
6253.jpg	0
6254.jpg	0
6255.jpg	0
6256.jpg	0
6257.jpg	0
6258.jpg	0
6259.jpg	0
6260.jpg	0
6261.jpg	0
6262.jpg	0
6263.jpg	0
6264.jpg	0
6265.jpg	0
6266.jpg	0
6267.jpg	0
6268.jpg	0
6269.jpg	0
6270.jpg	0
6271.jpg	0
6272.jpg	0
6273.jpg	0
6274.jpg	0
6275.jpg	0
6276.jpg	0
6277.jpg	0
6278.jpg	0
6279.jpg	0
6280.jpg	0
6281.jpg	0
6282.jpg	0
6283.jpg	0
6284.jpg	0
6285.jpg	0
6286.jpg	0
6287.jpg	0
6288.jpg	0
6289.jpg	0
6290.jpg	0
6291.jpg	0
6292.jpg	0
6293.jpg	0
6294.jpg	0
6295.jpg	0
6296.jpg	0
6297.jpg	0
6298.jpg	0
6299.jpg	0
63.jpg  	0
6300.jpg	0
6301.jpg	0
6302.jpg	0
6303.jpg	0
6304.jpg	0
6305.jpg	0
6306.jpg	0
6307.jpg	0
6308.jpg	0
6309.jpg	0
631.jpg 	0
6310.jpg	0
6311.jpg	0
6312.jpg	0
6313.jpg	0
6314.jpg	0
6315.jpg	0
6316.jpg	0
6317.jpg	0
6318.jpg	0
6319.jpg	0
632.jpg 	0
6320.jpg	0
6321.jpg	0
6322.jpg	0
6323.jpg	0
6324.jpg	0
6325.jpg	0
6326.jpg	0
6327.jpg	0
6328.jpg	0
6329.jpg	0
633.jpg 	0
6330.jpg	0
6331.jpg	0
6332.jpg	0
6333.jpg	0
6334.jpg	0
6335.jpg	0
6336.jpg	0
6337.jpg	0
6338.jpg	0
6339.jpg	0
634.jpg 	0
6340.jpg	0
6341.jpg	0
6342.jpg	0
6343.jpg	0
6344.jpg	0
6345.jpg	0
6346.jpg	0
6347.jpg	0
6348.jpg	0
6349.jpg	0
635.jpg 	0
6350.jpg	0
6351.jpg	0
6352.jpg	0
6353.jpg	0
6354.jpg	0
6355.jpg	0
6356.jpg	0
6357.jpg	0
6358.jpg	0
6359.jpg	0
636.jpg 	0
6360.jpg	0
6361.jpg	0
6362.jpg	0
6363.jpg	0
6364.jpg	0
6365.jpg	0
6366.jpg	0
6367.jpg	0
6368.jpg	0
6369.jpg	0
637.jpg 	0
6370.jpg	0
6371.jpg	0
6372.jpg	0
6373.jpg	0
6374.jpg	0
6375.jpg	0
6376.jpg	0
6377.jpg	0
6378.jpg	0
6379.jpg	0
638.jpg 	0
6380.jpg	0
6381.jpg	0
6382.jpg	0
6383.jpg	0
6384.jpg	0
6385.jpg	0
6386.jpg	0
6387.jpg	0
6388.jpg	0
6389.jpg	0
639.jpg 	0
6390.jpg	0
6391.jpg	0
6392.jpg	0
6393.jpg	0
6394.jpg	0
6395.jpg	0
6396.jpg	0
6397.jpg	0
6398.jpg	0
6399.jpg	0
64.jpg  	0
640.jpg 	0
6400.jpg	0
6401.jpg	0
6402.jpg	0
6403.jpg	0
6404.jpg	0
6405.jpg	0
6406.jpg	0
6407.jpg	0
6408.jpg	0
6409.jpg	0
641.jpg 	0
6410.jpg	0
6411.jpg	0
6412.jpg	0
6413.jpg	0
6414.jpg	0
6415.jpg	0
6416.jpg	0
6417.jpg	0
6418.jpg	0
6419.jpg	0
6420.jpg	0
6421.jpg	0
6422.jpg	0
6423.jpg	0
6424.jpg	0
6425.jpg	0
6426.jpg	0
6427.jpg	0
6428.jpg	0
6429.jpg	0
6430.jpg	0
6431.jpg	0
6432.jpg	0
6433.jpg	0
6434.jpg	0
6435.jpg	0
6436.jpg	0
6437.jpg	0
6438.jpg	0
6439.jpg	0
6440.jpg	0
6441.jpg	0
6442.jpg	0
6443.jpg	0
6444.jpg	0
6445.jpg	0
6446.jpg	0
6447.jpg	0
6448.jpg	0
6449.jpg	0
6450.jpg	0
6451.jpg	0
6452.jpg	0
6453.jpg	0
6454.jpg	0
6455.jpg	0
6456.jpg	0
6457.jpg	0
6458.jpg	0
6459.jpg	0
6460.jpg	0
6461.jpg	0
6462.jpg	0
6463.jpg	0
6464.jpg	0
6465.jpg	0
6466.jpg	0
6467.jpg	0
6468.jpg	0
6469.jpg	0
6470.jpg	0
6471.jpg	0
6472.jpg	0
6473.jpg	0
6474.jpg	0
6475.jpg	0
6476.jpg	0
6477.jpg	0
6478.jpg	0
6479.jpg	0
6480.jpg	0
6481.jpg	0
6482.jpg	0
6483.jpg	0
6484.jpg	0
6485.jpg	0
6486.jpg	0
6487.jpg	0
6488.jpg	0
6489.jpg	0
6490.jpg	0
6491.jpg	0
6492.jpg	0
6493.jpg	0
6494.jpg	0
6495.jpg	0
6496.jpg	0
6497.jpg	0
6498.jpg	0
6499.jpg	0
65.jpg  	0
6500.jpg	0
6501.jpg	0
6502.jpg	0
6503.jpg	0
6504.jpg	0
6505.jpg	0
6506.jpg	0
6507.jpg	0
6508.jpg	0
6509.jpg	0
6510.jpg	0
6511.jpg	0
6512.jpg	0
6513.jpg	0
6514.jpg	0
6515.jpg	0
6516.jpg	0
6517.jpg	0
6518.jpg	0
6519.jpg	0
6520.jpg	0
6521.jpg	0
6522.jpg	0
6523.jpg	0
6524.jpg	0
6525.jpg	0
6526.jpg	0
6527.jpg	0
6528.jpg	0
6529.jpg	0
6530.jpg	0
6531.jpg	0
6532.jpg	0
6533.jpg	0
6534.jpg	0
6535.jpg	0
6536.jpg	0
6537.jpg	0
6538.jpg	0
6539.jpg	0
6540.jpg	0
6541.jpg	0
6542.jpg	0
6543.jpg	0
6544.jpg	0
6545.jpg	0
6546.jpg	0
6547.jpg	0
6548.jpg	0
6549.jpg	0
655.jpg 	0
6550.jpg	0
6551.jpg	0
6552.jpg	0
6553.jpg	0
6554.jpg	0
6555.jpg	0
6556.jpg	0
6557.jpg	0
6558.jpg	0
6559.jpg	0
656.jpg 	0
6560.jpg	0
6561.jpg	0
6562.jpg	0
6563.jpg	0
6564.jpg	0
6565.jpg	0
6566.jpg	0
6567.jpg	0
6568.jpg	0
6569.jpg	0
657.jpg 	0
6570.jpg	0
6571.jpg	0
6572.jpg	0
6573.jpg	0
6574.jpg	0
6575.jpg	0
6576.jpg	0
6577.jpg	0
6578.jpg	0
6579.jpg	0
658.jpg 	0
6580.jpg	0
6581.jpg	0
6582.jpg	0
6583.jpg	0
6584.jpg	0
6585.jpg	0
6586.jpg	0
6587.jpg	0
6588.jpg	0
6589.jpg	0
659.jpg 	0
6590.jpg	0
6591.jpg	0
6592.jpg	0
6593.jpg	0
6594.jpg	0
6595.jpg	0
6596.jpg	0
6597.jpg	0
6598.jpg	0
66.jpg  	0
660.jpg 	0
661.jpg 	0
6612.jpg	0
6613.jpg	0
6614.jpg	0
6615.jpg	0
6616.jpg	0
6617.jpg	0
6618.jpg	0
6619.jpg	0
662.jpg 	0
6620.jpg	0
6621.jpg	0
6622.jpg	0
6623.jpg	0
6624.jpg	0
6625.jpg	0
6626.jpg	0
6627.jpg	0
6628.jpg	0
6629.jpg	0
663.jpg 	0
6630.jpg	0
6631.jpg	0
6632.jpg	0
6633.jpg	0
6634.jpg	0
6635.jpg	0
6636.jpg	0
6637.jpg	0
6638.jpg	0
6639.jpg	0
664.jpg 	0
6640.jpg	0
6641.jpg	0
6642.jpg	0
6643.jpg	0
6644.jpg	0
6645.jpg	0
6646.jpg	0
6647.jpg	0
6648.jpg	0
665.jpg 	0
666.jpg 	0
6662.jpg	0
6663.jpg	0
6664.jpg	0
6665.jpg	0
6666.jpg	0
6667.jpg	0
6668.jpg	0
6669.jpg	0
667.jpg 	0
6670.jpg	0
6671.jpg	0
6672.jpg	0
6673.jpg	0
6674.jpg	0
6675.jpg	0
6676.jpg	0
6677.jpg	0
6678.jpg	0
6679.jpg	0
668.jpg 	0
6680.jpg	0
6681.jpg	0
6682.jpg	0
6683.jpg	0
6684.jpg	0
6685.jpg	0
6686.jpg	0
6687.jpg	0
6688.jpg	0
6689.jpg	0
669.jpg 	0
6690.jpg	0
6691.jpg	0
6692.jpg	0
6693.jpg	0
6694.jpg	0
6695.jpg	0
6696.jpg	0
6697.jpg	0
6698.jpg	0
6699.jpg	0
67.jpg  	0
670.jpg 	0
6700.jpg	0
6701.jpg	0
6702.jpg	0
6703.jpg	0
6704.jpg	0
6705.jpg	0
6706.jpg	0
6707.jpg	0
6708.jpg	0
6709.jpg	0
671.jpg 	0
6710.jpg	0
6711.jpg	0
6712.jpg	0
6713.jpg	0
6714.jpg	0
6715.jpg	0
6716.jpg	0
6717.jpg	0
6718.jpg	0
6719.jpg	0
672.jpg 	0
6720.jpg	0
6721.jpg	0
6722.jpg	0
6723.jpg	0
6724.jpg	0
6725.jpg	0
6726.jpg	0
6727.jpg	0
6728.jpg	0
6729.jpg	0
673.jpg 	0
6730.jpg	0
6731.jpg	0
6732.jpg	0
6733.jpg	0
6734.jpg	0
6735.jpg	0
6736.jpg	0
6737.jpg	0
6738.jpg	0
6739.jpg	0
674.jpg 	0
6740.jpg	0
6741.jpg	0
6742.jpg	0
6743.jpg	0
6744.jpg	0
6745.jpg	0
6746.jpg	0
6747.jpg	0
6748.jpg	0
6749.jpg	0
675.jpg 	0
6750.jpg	0
6751.jpg	0
6752.jpg	0
6753.jpg	0
6754.jpg	0
6755.jpg	0
6756.jpg	0
6757.jpg	0
6758.jpg	0
6759.jpg	0
676.jpg 	0
6760.jpg	0
6761.jpg	0
6762.jpg	0
6763.jpg	0
6764.jpg	0
6765.jpg	0
6766.jpg	0
6767.jpg	0
6768.jpg	0
6769.jpg	0
677.jpg 	0
6770.jpg	0
6771.jpg	0
6772.jpg	0
6773.jpg	0
6774.jpg	0
6775.jpg	0
6776.jpg	0
6777.jpg	0
6778.jpg	0
6779.jpg	0
678.jpg 	0
6780.jpg	0
6781.jpg	0
6782.jpg	0
6783.jpg	0
6784.jpg	0
6785.jpg	0
6786.jpg	0
6787.jpg	0
6788.jpg	0
6789.jpg	0
679.jpg 	0
6790.jpg	0
6791.jpg	0
6792.jpg	0
6793.jpg	0
6794.jpg	0
6795.jpg	0
6796.jpg	0
6797.jpg	0
6798.jpg	0
6799.jpg	0
68.jpg  	0
680.jpg 	0
6800.jpg	0
6801.jpg	0
6802.jpg	0
6803.jpg	0
6804.jpg	0
6805.jpg	0
6806.jpg	0
6807.jpg	0
6808.jpg	0
6809.jpg	0
681.jpg 	0
6810.jpg	0
6811.jpg	0
6812.jpg	0
6813.jpg	0
6814.jpg	0
6815.jpg	0
6816.jpg	0
6817.jpg	0
6818.jpg	0
6819.jpg	0
682.jpg 	0
6820.jpg	0
6821.jpg	0
6822.jpg	0
6823.jpg	0
6824.jpg	0
6825.jpg	0
6826.jpg	0
6827.jpg	0
6828.jpg	0
6829.jpg	0
683.jpg 	0
6830.jpg	0
6831.jpg	0
6832.jpg	0
6833.jpg	0
6834.jpg	0
6835.jpg	0
6836.jpg	0
6837.jpg	0
6838.jpg	0
6839.jpg	0
684.jpg 	0
6840.jpg	0
6841.jpg	0
6842.jpg	0
6843.jpg	0
6844.jpg	0
6845.jpg	0
6846.jpg	0
6847.jpg	0
6848.jpg	0
6849.jpg	0
685.jpg 	0
6850.jpg	0
6851.jpg	0
6852.jpg	0
6853.jpg	0
6854.jpg	0
6855.jpg	0
6856.jpg	0
6857.jpg	0
6858.jpg	0
6859.jpg	0
686.jpg 	0
6860.jpg	0
6861.jpg	0
6862.jpg	0
6863.jpg	0
6864.jpg	0
6865.jpg	0
6866.jpg	0
6867.jpg	0
6868.jpg	0
6869.jpg	0
687.jpg 	0
6870.jpg	0
6871.jpg	0
6872.jpg	0
6873.jpg	0
6874.jpg	0
6875.jpg	0
6876.jpg	0
6877.jpg	0
6878.jpg	0
6879.jpg	0
688.jpg 	0
6880.jpg	0
6881.jpg	0
6882.jpg	0
6883.jpg	0
6884.jpg	0
6885.jpg	0
6886.jpg	0
6887.jpg	0
6888.jpg	0
6889.jpg	0
689.jpg 	0
6890.jpg	0
6891.jpg	0
6892.jpg	0
6893.jpg	0
6894.jpg	0
6895.jpg	0
6896.jpg	0
6897.jpg	0
6898.jpg	0
6899.jpg	0
69.jpg  	0
690.jpg 	0
6900.jpg	0
6901.jpg	0
6902.jpg	0
6903.jpg	0
6904.jpg	0
6905.jpg	0
6906.jpg	0
6907.jpg	0
6908.jpg	0
6909.jpg	0
691.jpg 	0
6910.jpg	0
6911.jpg	0
6912.jpg	0
6913.jpg	0
6914.jpg	0
6915.jpg	0
6916.jpg	0
6917.jpg	0
6918.jpg	0
6919.jpg	0
692.jpg 	0
6920.jpg	0
6921.jpg	0
6922.jpg	0
6923.jpg	0
6924.jpg	0
6925.jpg	0
6926.jpg	0
6927.jpg	0
6928.jpg	0
6929.jpg	0
693.jpg 	0
6930.jpg	0
6931.jpg	0
6932.jpg	0
6933.jpg	0
6934.jpg	0
6935.jpg	0
6936.jpg	0
6937.jpg	0
6938.jpg	0
6939.jpg	0
694.jpg 	0
6940.jpg	0
6941.jpg	0
6942.jpg	0
6943.jpg	0
6944.jpg	0
6945.jpg	0
6946.jpg	0
6947.jpg	0
6948.jpg	0
6949.jpg	0
695.jpg 	0
6950.jpg	0
6951.jpg	0
6952.jpg	0
6953.jpg	0
6954.jpg	0
6955.jpg	0
6956.jpg	0
6957.jpg	0
6958.jpg	0
6959.jpg	0
696.jpg 	0
6960.jpg	0
6961.jpg	0
6962.jpg	0
6963.jpg	0
6964.jpg	0
6965.jpg	0
6966.jpg	0
6967.jpg	0
6968.jpg	0
6969.jpg	0
697.jpg 	0
6970.jpg	0
6971.jpg	0
6972.jpg	0
6973.jpg	0
6974.jpg	0
6975.jpg	0
6976.jpg	0
6977.jpg	0
6978.jpg	0
6979.jpg	0
698.jpg 	0
6980.jpg	0
6981.jpg	0
6982.jpg	0
6983.jpg	0
6984.jpg	0
6985.jpg	0
6986.jpg	0
6987.jpg	0
6988.jpg	0
6989.jpg	0
699.jpg 	0
6990.jpg	0
6991.jpg	0
6992.jpg	0
6993.jpg	0
6994.jpg	0
6995.jpg	0
6996.jpg	0
6997.jpg	0
6998.jpg	0
6999.jpg	0
7.jpg   	0
70.jpg  	0
700.jpg 	0
7000.jpg	0
7001.jpg	0
7002.jpg	0
7003.jpg	0
7004.jpg	0
7005.jpg	0
7006.jpg	0
7007.jpg	0
7008.jpg	0
7009.jpg	0
701.jpg 	0
7010.jpg	0
7011.jpg	0
7012.jpg	0
7013.jpg	0
7014.jpg	0
7015.jpg	0
7016.jpg	0
7017.jpg	0
7018.jpg	0
7019.jpg	0
702.jpg 	0
7020.jpg	0
7021.jpg	0
7022.jpg	0
7023.jpg	0
7024.jpg	0
7025.jpg	0
7026.jpg	0
7027.jpg	0
7028.jpg	0
7029.jpg	0
703.jpg 	0
7030.jpg	0
7031.jpg	0
7032.jpg	0
7033.jpg	0
7034.jpg	0
7035.jpg	0
7036.jpg	0
7037.jpg	0
7038.jpg	0
7039.jpg	0
704.jpg 	0
7040.jpg	0
7041.jpg	0
7042.jpg	0
7043.jpg	0
7044.jpg	0
7045.jpg	0
7046.jpg	0
7047.jpg	0
7048.jpg	0
7049.jpg	0
705.jpg 	0
7050.jpg	0
7051.jpg	0
7052.jpg	0
7053.jpg	0
7054.jpg	0
7055.jpg	0
7056.jpg	0
7057.jpg	0
7058.jpg	0
7059.jpg	0
706.jpg 	0
7060.jpg	0
7061.jpg	0
7062.jpg	0
7063.jpg	0
7064.jpg	0
7065.jpg	0
7066.jpg	0
7067.jpg	0
7068.jpg	0
7069.jpg	0
707.jpg 	0
7070.jpg	0
7071.jpg	0
7072.jpg	0
7073.jpg	0
7074.jpg	0
7075.jpg	0
7076.jpg	0
7077.jpg	0
7078.jpg	0
7079.jpg	0
708.jpg 	0
7080.jpg	0
7081.jpg	0
7082.jpg	0
7083.jpg	0
7084.jpg	0
7085.jpg	0
7086.jpg	0
7087.jpg	0
7088.jpg	0
7089.jpg	0
709.jpg 	0
7090.jpg	0
7091.jpg	0
7092.jpg	0
7093.jpg	0
7094.jpg	0
7095.jpg	0
7096.jpg	0
7097.jpg	0
7098.jpg	0
7099.jpg	0
71.jpg  	0
710.jpg 	0
7100.jpg	0
7101.jpg	0
7102.jpg	0
7103.jpg	0
7104.jpg	0
7105.jpg	0
7106.jpg	0
7107.jpg	0
7108.jpg	0
7109.jpg	0
711.jpg 	0
7110.jpg	0
7111.jpg	0
7112.jpg	0
7113.jpg	0
7114.jpg	0
7115.jpg	0
7116.jpg	0
7117.jpg	0
7118.jpg	0
7119.jpg	0
712.jpg 	0
7120.jpg	0
7121.jpg	0
7122.jpg	0
7123.jpg	0
7124.jpg	0
7125.jpg	0
7126.jpg	0
7127.jpg	0
7128.jpg	0
7129.jpg	0
713.jpg 	0
7130.jpg	0
7131.jpg	0
7132.jpg	0
7133.jpg	0
7134.jpg	0
7135.jpg	0
7136.jpg	0
7137.jpg	0
7138.jpg	0
7139.jpg	0
714.jpg 	0
7140.jpg	0
7141.jpg	0
7142.jpg	0
7143.jpg	0
7144.jpg	0
7145.jpg	0
7146.jpg	0
7147.jpg	0
7148.jpg	0
7149.jpg	0
715.jpg 	0
7150.jpg	0
7151.jpg	0
7152.jpg	0
7153.jpg	0
7154.jpg	0
7155.jpg	0
7156.jpg	0
7157.jpg	0
7158.jpg	0
7159.jpg	0
716.jpg 	0
7160.jpg	0
7161.jpg	0
7162.jpg	0
7163.jpg	0
7164.jpg	0
7165.jpg	0
7166.jpg	0
7167.jpg	0
7168.jpg	0
7169.jpg	0
717.jpg 	0
7170.jpg	0
7171.jpg	0
7172.jpg	0
7173.jpg	0
7174.jpg	0
7175.jpg	0
7176.jpg	0
7177.jpg	0
7178.jpg	0
7179.jpg	0
718.jpg 	0
7180.jpg	0
7181.jpg	0
7182.jpg	0
7183.jpg	0
7184.jpg	0
7185.jpg	0
7186.jpg	0
7187.jpg	0
7188.jpg	0
7189.jpg	0
719.jpg 	0
7190.jpg	0
7191.jpg	0
7192.jpg	0
7193.jpg	0
7194.jpg	0
7195.jpg	0
7196.jpg	0
7197.jpg	0
7198.jpg	0
7199.jpg	0
72.jpg  	0
720.jpg 	0
7200.jpg	0
7201.jpg	0
7202.jpg	0
7203.jpg	0
7204.jpg	0
7205.jpg	0
7206.jpg	0
7207.jpg	0
7208.jpg	0
7209.jpg	0
721.jpg 	0
7210.jpg	0
7211.jpg	0
7212.jpg	0
7213.jpg	0
7214.jpg	0
7215.jpg	0
7216.jpg	0
7217.jpg	0
7218.jpg	0
7219.jpg	0
722.jpg 	0
7220.jpg	0
7221.jpg	0
7222.jpg	0
7223.jpg	0
7224.jpg	0
7225.jpg	0
7226.jpg	0
7227.jpg	0
7228.jpg	0
7229.jpg	0
723.jpg 	0
7230.jpg	0
7231.jpg	0
7232.jpg	0
7233.jpg	0
7234.jpg	0
7235.jpg	0
7236.jpg	0
7237.jpg	0
7238.jpg	0
7239.jpg	0
724.jpg 	0
7240.jpg	0
7241.jpg	0
7242.jpg	0
7243.jpg	0
7244.jpg	0
7245.jpg	0
7246.jpg	0
7247.jpg	0
7248.jpg	0
7249.jpg	0
725.jpg 	0
7250.jpg	0
7251.jpg	0
7252.jpg	0
7253.jpg	0
7254.jpg	0
7255.jpg	0
7256.jpg	0
7257.jpg	0
7258.jpg	0
7259.jpg	0
726.jpg 	0
7260.jpg	0
7261.jpg	0
7262.jpg	0
7263.jpg	0
7264.jpg	0
7265.jpg	0
7266.jpg	0
7267.jpg	0
7268.jpg	0
7269.jpg	0
727.jpg 	0
7270.jpg	0
7271.jpg	0
7272.jpg	0
7273.jpg	0
7274.jpg	0
7275.jpg	0
7276.jpg	0
7277.jpg	0
7278.jpg	0
7279.jpg	0
728.jpg 	0
7280.jpg	0
7281.jpg	0
7282.jpg	0
7283.jpg	0
7284.jpg	0
7285.jpg	0
7286.jpg	0
7287.jpg	0
7288.jpg	0
7289.jpg	0
729.jpg 	0
7290.jpg	0
7291.jpg	0
7292.jpg	0
7293.jpg	0
7294.jpg	0
7295.jpg	0
7296.jpg	0
7297.jpg	0
7298.jpg	0
7299.jpg	0
73.jpg  	0
730.jpg 	0
7300.jpg	0
7301.jpg	0
7302.jpg	0
7303.jpg	0
7304.jpg	0
7305.jpg	0
7306.jpg	0
7307.jpg	0
7308.jpg	0
7309.jpg	0
731.jpg 	0
7310.jpg	0
7311.jpg	0
7312.jpg	0
7313.jpg	0
7314.jpg	0
7315.jpg	0
7316.jpg	0
7317.jpg	0
7318.jpg	0
7319.jpg	0
732.jpg 	0
7320.jpg	0
7321.jpg	0
7322.jpg	0
7323.jpg	0
7324.jpg	0
7325.jpg	0
7326.jpg	0
7327.jpg	0
7328.jpg	0
7329.jpg	0
733.jpg 	0
7330.jpg	0
7331.jpg	0
7332.jpg	0
7333.jpg	0
7334.jpg	0
7335.jpg	0
7336.jpg	0
7337.jpg	0
7338.jpg	0
7339.jpg	0
734.jpg 	0
7340.jpg	0
7341.jpg	0
7342.jpg	0
7343.jpg	0
7344.jpg	0
7345.jpg	0
7346.jpg	0
7347.jpg	0
7348.jpg	0
7349.jpg	0
735.jpg 	0
7350.jpg	0
7351.jpg	0
7352.jpg	0
7353.jpg	0
7354.jpg	0
7355.jpg	0
7356.jpg	0
7357.jpg	0
7358.jpg	0
7359.jpg	0
736.jpg 	0
7360.jpg	0
7361.jpg	0
7362.jpg	0
7363.jpg	0
7364.jpg	0
7365.jpg	0
7366.jpg	0
7367.jpg	0
7368.jpg	0
7369.jpg	0
737.jpg 	0
7370.jpg	0
7371.jpg	0
7372.jpg	0
7373.jpg	0
7374.jpg	0
7375.jpg	0
7376.jpg	0
7377.jpg	0
7378.jpg	0
7379.jpg	0
7380.jpg	0
7381.jpg	0
7382.jpg	0
7383.jpg	0
7384.jpg	0
7385.jpg	0
7386.jpg	0
7387.jpg	0
7388.jpg	0
7389.jpg	0
7390.jpg	0
7391.jpg	0
7392.jpg	0
7393.jpg	0
7394.jpg	0
7395.jpg	0
7396.jpg	0
7397.jpg	0
7398.jpg	0
7399.jpg	0
74.jpg  	0
7409.jpg	0
7410.jpg	0
7411.jpg	0
7412.jpg	0
7413.jpg	0
7414.jpg	0
7415.jpg	0
7416.jpg	0
7417.jpg	0
7418.jpg	0
7419.jpg	0
7420.jpg	0
7421.jpg	0
7422.jpg	0
7423.jpg	0
7424.jpg	0
7425.jpg	0
7426.jpg	0
7427.jpg	0
7428.jpg	0
7445.jpg	0
7446.jpg	0
7447.jpg	0
7448.jpg	0
7449.jpg	0
7450.jpg	0
7451.jpg	0
7452.jpg	0
7453.jpg	0
7454.jpg	0
7455.jpg	0
7456.jpg	0
7457.jpg	0
7458.jpg	0
7459.jpg	0
7460.jpg	0
7461.jpg	0
7462.jpg	0
7463.jpg	0
7464.jpg	0
7465.jpg	0
7466.jpg	0
7467.jpg	0
7468.jpg	0
7469.jpg	0
7470.jpg	0
7471.jpg	0
7472.jpg	0
7473.jpg	0
7474.jpg	0
7475.jpg	0
7476.jpg	0
7477.jpg	0
7478.jpg	0
7479.jpg	0
7480.jpg	0
7481.jpg	0
7482.jpg	0
7483.jpg	0
7484.jpg	0
7485.jpg	0
7486.jpg	0
7487.jpg	0
7488.jpg	0
7489.jpg	0
7490.jpg	0
7491.jpg	0
7492.jpg	0
7493.jpg	0
7494.jpg	0
7495.jpg	0
7496.jpg	0
7497.jpg	0
7498.jpg	0
7499.jpg	0
75.jpg  	0
7500.jpg	0
7501.jpg	0
7502.jpg	0
7503.jpg	0
7504.jpg	0
7505.jpg	0
7506.jpg	0
7507.jpg	0
7508.jpg	0
7509.jpg	0
7510.jpg	0
7511.jpg	0
7512.jpg	0
7513.jpg	0
7514.jpg	0
7515.jpg	0
7516.jpg	0
7517.jpg	0
7518.jpg	0
7519.jpg	0
7520.jpg	0
7521.jpg	0
7522.jpg	0
7523.jpg	0
7524.jpg	0
7525.jpg	0
7526.jpg	0
7527.jpg	0
7528.jpg	0
7529.jpg	0
7530.jpg	0
7531.jpg	0
7532.jpg	0
7533.jpg	0
7534.jpg	0
7535.jpg	0
7536.jpg	0
7537.jpg	0
7538.jpg	0
7539.jpg	0
754.jpg 	0
7540.jpg	0
7541.jpg	0
7542.jpg	0
7543.jpg	0
7544.jpg	0
7545.jpg	0
7546.jpg	0
7547.jpg	0
7548.jpg	0
7549.jpg	0
755.jpg 	0
7550.jpg	0
7551.jpg	0
7552.jpg	0
7553.jpg	0
7554.jpg	0
7555.jpg	0
7556.jpg	0
7557.jpg	0
7558.jpg	0
7559.jpg	0
756.jpg 	0
7560.jpg	0
7561.jpg	0
7562.jpg	0
7563.jpg	0
7564.jpg	0
7565.jpg	0
7566.jpg	0
7567.jpg	0
7568.jpg	0
7569.jpg	0
757.jpg 	0
7570.jpg	0
7571.jpg	0
7572.jpg	0
7573.jpg	0
7574.jpg	0
7575.jpg	0
7576.jpg	0
7577.jpg	0
7578.jpg	0
7579.jpg	0
758.jpg 	0
7580.jpg	0
7581.jpg	0
7582.jpg	0
7583.jpg	0
7584.jpg	0
7585.jpg	0
7586.jpg	0
7587.jpg	0
7588.jpg	0
7589.jpg	0
759.jpg 	0
7590.jpg	0
7591.jpg	0
7592.jpg	0
7593.jpg	0
7594.jpg	0
7595.jpg	0
7596.jpg	0
7597.jpg	0
7598.jpg	0
7599.jpg	0
76.jpg  	0
760.jpg 	0
7600.jpg	0
7601.jpg	0
7602.jpg	0
7603.jpg	0
7604.jpg	0
7605.jpg	0
7606.jpg	0
7607.jpg	0
7608.jpg	0
7609.jpg	0
761.jpg 	0
7610.jpg	0
7611.jpg	0
7612.jpg	0
7613.jpg	0
7614.jpg	0
7615.jpg	0
7616.jpg	0
7617.jpg	0
7618.jpg	0
7619.jpg	0
762.jpg 	0
7620.jpg	0
7621.jpg	0
7622.jpg	0
7623.jpg	0
7624.jpg	0
7625.jpg	0
7626.jpg	0
7627.jpg	0
7628.jpg	0
7629.jpg	0
763.jpg 	0
7630.jpg	0
7631.jpg	0
7632.jpg	0
7633.jpg	0
7634.jpg	0
7635.jpg	0
7636.jpg	0
7637.jpg	0
7638.jpg	0
7639.jpg	0
764.jpg 	0
7640.jpg	0
7641.jpg	0
7642.jpg	0
7643.jpg	0
7644.jpg	0
7645.jpg	0
7646.jpg	0
7647.jpg	0
7648.jpg	0
7649.jpg	0
765.jpg 	0
7650.jpg	0
7651.jpg	0
7652.jpg	0
7653.jpg	0
7654.jpg	0
7655.jpg	0
7656.jpg	0
7657.jpg	0
7658.jpg	0
7659.jpg	0
766.jpg 	0
7660.jpg	0
7661.jpg	0
7662.jpg	0
7663.jpg	0
7664.jpg	0
7665.jpg	0
7666.jpg	0
7667.jpg	0
7668.jpg	0
7669.jpg	0
767.jpg 	0
7670.jpg	0
7671.jpg	0
7672.jpg	0
7673.jpg	0
7674.jpg	0
7675.jpg	0
7676.jpg	0
7677.jpg	0
7678.jpg	0
7679.jpg	0
768.jpg 	0
7680.jpg	0
7681.jpg	0
7682.jpg	0
7683.jpg	0
7684.jpg	0
7685.jpg	0
7686.jpg	0
7687.jpg	0
7688.jpg	0
7689.jpg	0
769.jpg 	0
7690.jpg	0
7691.jpg	0
7692.jpg	0
7693.jpg	0
7694.jpg	0
7695.jpg	0
7696.jpg	0
7697.jpg	0
7698.jpg	0
7699.jpg	0
77.jpg  	0
770.jpg 	0
7700.jpg	0
7701.jpg	0
7702.jpg	0
7703.jpg	0
7704.jpg	0
7705.jpg	0
7706.jpg	0
7707.jpg	0
7708.jpg	0
7709.jpg	0
771.jpg 	0
7710.jpg	0
7711.jpg	0
7712.jpg	0
7713.jpg	0
7714.jpg	0
7715.jpg	0
7716.jpg	0
7717.jpg	0
7718.jpg	0
7719.jpg	0
772.jpg 	0
7720.jpg	0
7721.jpg	0
7722.jpg	0
7723.jpg	0
7724.jpg	0
7725.jpg	0
7726.jpg	0
7727.jpg	0
7728.jpg	0
7729.jpg	0
773.jpg 	0
7730.jpg	0
7731.jpg	0
7732.jpg	0
7733.jpg	0
7734.jpg	0
7735.jpg	0
7736.jpg	0
7737.jpg	0
7738.jpg	0
7739.jpg	0
774.jpg 	0
7740.jpg	0
7741.jpg	0
7742.jpg	0
7743.jpg	0
7744.jpg	0
7745.jpg	0
7746.jpg	0
7747.jpg	0
7748.jpg	0
7749.jpg	0
775.jpg 	0
7750.jpg	0
7751.jpg	0
7752.jpg	0
7753.jpg	0
7754.jpg	0
7755.jpg	0
7756.jpg	0
7757.jpg	0
7758.jpg	0
7759.jpg	0
776.jpg 	0
7760.jpg	0
7761.jpg	0
7762.jpg	0
7763.jpg	0
7764.jpg	0
7765.jpg	0
7766.jpg	0
7767.jpg	0
7768.jpg	0
7769.jpg	0
777.jpg 	0
7770.jpg	0
7771.jpg	0
7772.jpg	0
7773.jpg	0
7774.jpg	0
7775.jpg	0
7776.jpg	0
7777.jpg	0
7778.jpg	0
7779.jpg	0
778.jpg 	0
7780.jpg	0
7781.jpg	0
7782.jpg	0
7783.jpg	0
7784.jpg	0
7785.jpg	0
7786.jpg	0
7787.jpg	0
7788.jpg	0
7789.jpg	0
779.jpg 	0
7790.jpg	0
7791.jpg	0
7792.jpg	0
7793.jpg	0
7794.jpg	0
7795.jpg	0
7796.jpg	0
7797.jpg	0
7798.jpg	0
7799.jpg	0
78.jpg  	0
780.jpg 	0
7800.jpg	0
7801.jpg	0
7802.jpg	0
7803.jpg	0
7804.jpg	0
7805.jpg	0
7806.jpg	0
7807.jpg	0
7808.jpg	0
7809.jpg	0
781.jpg 	0
7810.jpg	0
7811.jpg	0
7812.jpg	0
7813.jpg	0
7814.jpg	0
7815.jpg	0
7816.jpg	0
7817.jpg	0
7818.jpg	0
7819.jpg	0
782.jpg 	0
7820.jpg	0
7821.jpg	0
7822.jpg	0
7823.jpg	0
7824.jpg	0
7825.jpg	0
7826.jpg	0
7827.jpg	0
7828.jpg	0
7829.jpg	0
783.jpg 	0
7830.jpg	0
7831.jpg	0
7832.jpg	0
7833.jpg	0
7834.jpg	0
7835.jpg	0
7836.jpg	0
7837.jpg	0
7838.jpg	0
7839.jpg	0
784.jpg 	0
7840.jpg	0
7841.jpg	0
7842.jpg	0
7843.jpg	0
7844.jpg	0
7845.jpg	0
7846.jpg	0
7847.jpg	0
7848.jpg	0
7849.jpg	0
785.jpg 	0
7850.jpg	0
7851.jpg	0
7852.jpg	0
7853.jpg	0
7854.jpg	0
7855.jpg	0
7856.jpg	0
7857.jpg	0
7858.jpg	0
7859.jpg	0
786.jpg 	0
7860.jpg	0
7861.jpg	0
7862.jpg	0
7863.jpg	0
7864.jpg	0
7865.jpg	0
7866.jpg	0
7867.jpg	0
7868.jpg	0
7869.jpg	0
787.jpg 	0
7870.jpg	0
7871.jpg	0
7872.jpg	0
7873.jpg	0
7874.jpg	0
7875.jpg	0
7876.jpg	0
7877.jpg	0
7878.jpg	0
7879.jpg	0
788.jpg 	0
7880.jpg	0
7881.jpg	0
7882.jpg	0
7883.jpg	0
7884.jpg	0
7885.jpg	0
7886.jpg	0
7887.jpg	0
7888.jpg	0
7889.jpg	0
789.jpg 	0
79.jpg  	0
790.jpg 	0
7901.jpg	0
7902.jpg	0
7903.jpg	0
7904.jpg	0
7905.jpg	0
7906.jpg	0
7907.jpg	0
7908.jpg	0
7909.jpg	0
791.jpg 	0
7910.jpg	0
7911.jpg	0
7912.jpg	0
7913.jpg	0
7914.jpg	0
7915.jpg	0
7916.jpg	0
7917.jpg	0
7918.jpg	0
7919.jpg	0
792.jpg 	0
7920.jpg	0
7921.jpg	0
7922.jpg	0
7923.jpg	0
7924.jpg	0
7925.jpg	0
7926.jpg	0
7927.jpg	0
7928.jpg	0
7929.jpg	0
793.jpg 	0
7930.jpg	0
7931.jpg	0
7932.jpg	0
7933.jpg	0
7934.jpg	0
7935.jpg	0
7936.jpg	0
7937.jpg	0
7938.jpg	0
7939.jpg	0
794.jpg 	0
7940.jpg	0
7941.jpg	0
7942.jpg	0
7943.jpg	0
7944.jpg	0
7945.jpg	0
7946.jpg	0
7947.jpg	0
7948.jpg	0
7949.jpg	0
795.jpg 	0
7950.jpg	0
7951.jpg	0
7952.jpg	0
7953.jpg	0
7954.jpg	0
7955.jpg	0
7956.jpg	0
796.jpg 	0
797.jpg 	0
7974.jpg	0
7975.jpg	0
7976.jpg	0
7977.jpg	0
7978.jpg	0
7979.jpg	0
798.jpg 	0
7980.jpg	0
7981.jpg	0
7982.jpg	0
7983.jpg	0
7984.jpg	0
7985.jpg	0
7986.jpg	0
7987.jpg	0
7988.jpg	0
7989.jpg	0
799.jpg 	0
7990.jpg	0
7991.jpg	0
7992.jpg	0
7993.jpg	0
7994.jpg	0
7995.jpg	0
7996.jpg	0
7997.jpg	0
7998.jpg	0
7999.jpg	0
8.jpg   	0
80.jpg  	0
800.jpg 	0
8000.jpg	0
8001.jpg	0
8002.jpg	0
8003.jpg	0
8004.jpg	0
8005.jpg	0
8006.jpg	0
8007.jpg	0
8008.jpg	0
8009.jpg	0
801.jpg 	0
8010.jpg	0
8011.jpg	0
8012.jpg	0
8013.jpg	0
8014.jpg	0
8015.jpg	0
8016.jpg	0
8017.jpg	0
8018.jpg	0
8019.jpg	0
802.jpg 	0
8020.jpg	0
8021.jpg	0
8022.jpg	0
8023.jpg	0
8024.jpg	0
8025.jpg	0
8026.jpg	0
8027.jpg	0
8028.jpg	0
8029.jpg	0
803.jpg 	0
8030.jpg	0
8031.jpg	0
8032.jpg	0
8033.jpg	0
8034.jpg	0
8035.jpg	0
8036.jpg	0
8037.jpg	0
8038.jpg	0
8039.jpg	0
804.jpg 	0
8040.jpg	0
8041.jpg	0
8042.jpg	0
8043.jpg	0
8044.jpg	0
8045.jpg	0
8046.jpg	0
8047.jpg	0
8048.jpg	0
8049.jpg	0
805.jpg 	0
8050.jpg	0
8051.jpg	0
8052.jpg	0
8053.jpg	0
8054.jpg	0
8055.jpg	0
8056.jpg	0
8057.jpg	0
8058.jpg	0
8059.jpg	0
806.jpg 	0
8060.jpg	0
8061.jpg	0
8062.jpg	0
8063.jpg	0
8064.jpg	0
8065.jpg	0
8066.jpg	0
8067.jpg	0
8068.jpg	0
8069.jpg	0
807.jpg 	0
8070.jpg	0
8071.jpg	0
8072.jpg	0
8073.jpg	0
8074.jpg	0
8075.jpg	0
8076.jpg	0
8077.jpg	0
8078.jpg	0
8079.jpg	0
808.jpg 	0
8080.jpg	0
8081.jpg	0
8082.jpg	0
8083.jpg	0
8084.jpg	0
8085.jpg	0
8086.jpg	0
8087.jpg	0
8088.jpg	0
8089.jpg	0
809.jpg 	0
8090.jpg	0
8091.jpg	0
8092.jpg	0
8093.jpg	0
8094.jpg	0
8095.jpg	0
8096.jpg	0
8097.jpg	0
8098.jpg	0
8099.jpg	0
81.jpg  	0
810.jpg 	0
8100.jpg	0
8101.jpg	0
8102.jpg	0
8103.jpg	0
8104.jpg	0
8105.jpg	0
8106.jpg	0
8107.jpg	0
8108.jpg	0
8109.jpg	0
811.jpg 	0
8110.jpg	0
8111.jpg	0
8112.jpg	0
8113.jpg	0
8114.jpg	0
8115.jpg	0
8116.jpg	0
8117.jpg	0
8118.jpg	0
8119.jpg	0
812.jpg 	0
8120.jpg	0
8121.jpg	0
8122.jpg	0
8123.jpg	0
8124.jpg	0
8125.jpg	0
8126.jpg	0
8127.jpg	0
8128.jpg	0
8129.jpg	0
813.jpg 	0
8130.jpg	0
8131.jpg	0
8132.jpg	0
8133.jpg	0
8134.jpg	0
8135.jpg	0
8136.jpg	0
8137.jpg	0
8138.jpg	0
8139.jpg	0
814.jpg 	0
8140.jpg	0
8141.jpg	0
8142.jpg	0
8143.jpg	0
8144.jpg	0
8145.jpg	0
8146.jpg	0
8147.jpg	0
8148.jpg	0
8149.jpg	0
815.jpg 	0
8150.jpg	0
8151.jpg	0
8152.jpg	0
8153.jpg	0
8154.jpg	0
8155.jpg	0
8156.jpg	0
8157.jpg	0
8158.jpg	0
8159.jpg	0
816.jpg 	0
8160.jpg	0
8161.jpg	0
8162.jpg	0
8163.jpg	0
8164.jpg	0
8165.jpg	0
8166.jpg	0
8167.jpg	0
8168.jpg	0
8169.jpg	0
817.jpg 	0
8170.jpg	0
8171.jpg	0
8172.jpg	0
8173.jpg	0
8174.jpg	0
8175.jpg	0
8176.jpg	0
8177.jpg	0
8178.jpg	0
8179.jpg	0
818.jpg 	0
8180.jpg	0
8181.jpg	0
8182.jpg	0
8183.jpg	0
8184.jpg	0
8185.jpg	0
8186.jpg	0
8187.jpg	0
8188.jpg	0
8189.jpg	0
819.jpg 	0
8190.jpg	0
8191.jpg	0
8192.jpg	0
8193.jpg	0
8194.jpg	0
8195.jpg	0
8196.jpg	0
8197.jpg	0
8198.jpg	0
8199.jpg	0
82.jpg  	0
820.jpg 	0
8200.jpg	0
8201.jpg	0
8202.jpg	0
8203.jpg	0
8204.jpg	0
8205.jpg	0
8206.jpg	0
8207.jpg	0
8208.jpg	0
8209.jpg	0
821.jpg 	0
8210.jpg	0
8211.jpg	0
8212.jpg	0
8213.jpg	0
8214.jpg	0
8215.jpg	0
8216.jpg	0
8217.jpg	0
8218.jpg	0
8219.jpg	0
822.jpg 	0
8220.jpg	0
8221.jpg	0
8222.jpg	0
8223.jpg	0
8224.jpg	0
8225.jpg	0
8226.jpg	0
8227.jpg	0
8228.jpg	0
8229.jpg	0
823.jpg 	0
8230.jpg	0
8231.jpg	0
8232.jpg	0
8233.jpg	0
8234.jpg	0
8235.jpg	0
8236.jpg	0
8237.jpg	0
8238.jpg	0
8239.jpg	0
824.jpg 	0
8240.jpg	0
8241.jpg	0
8242.jpg	0
8243.jpg	0
8244.jpg	0
8245.jpg	0
8246.jpg	0
8247.jpg	0
8248.jpg	0
8249.jpg	0
825.jpg 	0
8250.jpg	0
8251.jpg	0
8252.jpg	0
8253.jpg	0
8254.jpg	0
8255.jpg	0
8256.jpg	0
8257.jpg	0
8258.jpg	0
8259.jpg	0
826.jpg 	0
8260.jpg	0
8261.jpg	0
8262.jpg	0
8263.jpg	0
8264.jpg	0
8265.jpg	0
8266.jpg	0
8267.jpg	0
8268.jpg	0
8269.jpg	0
827.jpg 	0
8270.jpg	0
8271.jpg	0
8272.jpg	0
8273.jpg	0
8274.jpg	0
8275.jpg	0
8276.jpg	0
8277.jpg	0
8278.jpg	0
8279.jpg	0
828.jpg 	0
8280.jpg	0
8281.jpg	0
8282.jpg	0
8283.jpg	0
8284.jpg	0
8285.jpg	0
8286.jpg	0
8287.jpg	0
8288.jpg	0
8289.jpg	0
829.jpg 	0
8290.jpg	0
8291.jpg	0
8292.jpg	0
8293.jpg	0
8294.jpg	0
8295.jpg	0
8296.jpg	0
8297.jpg	0
8298.jpg	0
8299.jpg	0
83.jpg  	0
830.jpg 	0
8300.jpg	0
8301.jpg	0
8302.jpg	0
8303.jpg	0
8304.jpg	0
8305.jpg	0
8306.jpg	0
8307.jpg	0
8308.jpg	0
8309.jpg	0
831.jpg 	0
8310.jpg	0
8311.jpg	0
8312.jpg	0
8313.jpg	0
8314.jpg	0
8315.jpg	0
8316.jpg	0
8317.jpg	0
8318.jpg	0
8319.jpg	0
832.jpg 	0
8320.jpg	0
8321.jpg	0
8322.jpg	0
8323.jpg	0
8324.jpg	0
8325.jpg	0
8326.jpg	0
8327.jpg	0
8328.jpg	0
8329.jpg	0
833.jpg 	0
8330.jpg	0
8331.jpg	0
8332.jpg	0
8333.jpg	0
8334.jpg	0
8335.jpg	0
8336.jpg	0
8337.jpg	0
8338.jpg	0
8339.jpg	0
834.jpg 	0
8340.jpg	0
8341.jpg	0
8342.jpg	0
8343.jpg	0
8344.jpg	0
8345.jpg	0
8346.jpg	0
8347.jpg	0
8348.jpg	0
8349.jpg	0
835.jpg 	0
8350.jpg	0
8351.jpg	0
8352.jpg	0
8353.jpg	0
8354.jpg	0
8355.jpg	0
8356.jpg	0
8357.jpg	0
8358.jpg	0
8359.jpg	0
836.jpg 	0
8360.jpg	0
8361.jpg	0
8362.jpg	0
8363.jpg	0
8364.jpg	0
8365.jpg	0
8366.jpg	0
8367.jpg	0
8368.jpg	0
8369.jpg	0
837.jpg 	0
8370.jpg	0
8371.jpg	0
8372.jpg	0
8373.jpg	0
8374.jpg	0
8375.jpg	0
8376.jpg	0
8377.jpg	0
8378.jpg	0
8379.jpg	0
838.jpg 	0
8380.jpg	0
8381.jpg	0
8382.jpg	0
8383.jpg	0
8384.jpg	0
8385.jpg	0
8386.jpg	0
8387.jpg	0
8388.jpg	0
8389.jpg	0
839.jpg 	0
8390.jpg	0
8391.jpg	0
8392.jpg	0
8393.jpg	0
8394.jpg	0
8395.jpg	0
8396.jpg	0
8397.jpg	0
8398.jpg	0
8399.jpg	0
84.jpg  	0
840.jpg 	0
8400.jpg	0
8401.jpg	0
8402.jpg	0
8403.jpg	0
8404.jpg	0
8405.jpg	0
8406.jpg	0
8407.jpg	0
8408.jpg	0
8409.jpg	0
841.jpg 	0
8410.jpg	0
8411.jpg	0
8412.jpg	0
8413.jpg	0
8414.jpg	0
8415.jpg	0
8416.jpg	0
8417.jpg	0
8418.jpg	0
8419.jpg	0
842.jpg 	0
8420.jpg	0
8421.jpg	0
8422.jpg	0
8423.jpg	0
8424.jpg	0
8425.jpg	0
8426.jpg	0
8427.jpg	0
8428.jpg	0
8429.jpg	0
843.jpg 	0
8430.jpg	0
8431.jpg	0
8432.jpg	0
8433.jpg	0
8434.jpg	0
8435.jpg	0
8436.jpg	0
8437.jpg	0
8438.jpg	0
8439.jpg	0
844.jpg 	0
8440.jpg	0
8441.jpg	0
8442.jpg	0
8443.jpg	0
8444.jpg	0
8445.jpg	0
8446.jpg	0
8447.jpg	0
8448.jpg	0
8449.jpg	0
845.jpg 	0
8450.jpg	0
8451.jpg	0
8452.jpg	0
8453.jpg	0
8454.jpg	0
8455.jpg	0
8456.jpg	0
8457.jpg	0
8458.jpg	0
8459.jpg	0
846.jpg 	0
8460.jpg	0
8461.jpg	0
8462.jpg	0
8463.jpg	0
8464.jpg	0
8465.jpg	0
8466.jpg	0
8467.jpg	0
8468.jpg	0
8469.jpg	0
847.jpg 	0
8470.jpg	0
8471.jpg	0
8472.jpg	0
8473.jpg	0
8474.jpg	0
8475.jpg	0
8476.jpg	0
8477.jpg	0
8478.jpg	0
8479.jpg	0
848.jpg 	0
8480.jpg	0
8481.jpg	0
8482.jpg	0
8483.jpg	0
8484.jpg	0
8485.jpg	0
8486.jpg	0
8487.jpg	0
8488.jpg	0
8489.jpg	0
849.jpg 	0
8490.jpg	0
8491.jpg	0
8492.jpg	0
8493.jpg	0
8494.jpg	0
8495.jpg	0
8496.jpg	0
8497.jpg	0
8498.jpg	0
8499.jpg	0
85.jpg  	0
850.jpg 	0
8500.jpg	0
8501.jpg	0
8502.jpg	0
8503.jpg	0
8504.jpg	0
8505.jpg	0
8506.jpg	0
8507.jpg	0
8508.jpg	0
8509.jpg	0
851.jpg 	0
8510.jpg	0
8511.jpg	0
8512.jpg	0
8513.jpg	0
8514.jpg	0
8515.jpg	0
8516.jpg	0
8517.jpg	0
8518.jpg	0
8519.jpg	0
852.jpg 	0
8520.jpg	0
8521.jpg	0
8522.jpg	0
8523.jpg	0
8524.jpg	0
8525.jpg	0
8526.jpg	0
8527.jpg	0
8528.jpg	0
8529.jpg	0
853.jpg 	0
8530.jpg	0
8531.jpg	0
8532.jpg	0
8533.jpg	0
8534.jpg	0
8535.jpg	0
8536.jpg	0
8537.jpg	0
8538.jpg	0
8539.jpg	0
854.jpg 	0
8540.jpg	0
8541.jpg	0
8542.jpg	0
8543.jpg	0
8544.jpg	0
8545.jpg	0
8546.jpg	0
8547.jpg	0
8548.jpg	0
8549.jpg	0
855.jpg 	0
8550.jpg	0
8551.jpg	0
8558.jpg	0
8559.jpg	0
856.jpg 	0
8560.jpg	0
8561.jpg	0
8562.jpg	0
8567.jpg	0
8568.jpg	0
8569.jpg	0
857.jpg 	0
8570.jpg	0
8571.jpg	0
8572.jpg	0
8579.jpg	0
858.jpg 	0
8580.jpg	0
8581.jpg	0
8582.jpg	0
8583.jpg	0
8584.jpg	0
8585.jpg	0
8586.jpg	0
8587.jpg	0
8588.jpg	0
8589.jpg	0
859.jpg 	0
8590.jpg	0
8591.jpg	0
8592.jpg	0
8593.jpg	0
8594.jpg	0
8595.jpg	0
8596.jpg	0
8597.jpg	0
8598.jpg	0
8599.jpg	0
86.jpg  	0
860.jpg 	0
8600.jpg	0
8601.jpg	0
8602.jpg	0
8603.jpg	0
8604.jpg	0
8605.jpg	0
8606.jpg	0
8607.jpg	0
861.jpg 	0
8619.jpg	0
862.jpg 	0
8620.jpg	0
8621.jpg	0
8622.jpg	0
8623.jpg	0
8624.jpg	0
8625.jpg	0
8626.jpg	0
8627.jpg	0
8628.jpg	0
8629.jpg	0
863.jpg 	0
8630.jpg	0
8631.jpg	0
8632.jpg	0
8633.jpg	0
8634.jpg	0
8635.jpg	0
8636.jpg	0
8637.jpg	0
8638.jpg	0
8639.jpg	0
8640.jpg	0
8641.jpg	0
8642.jpg	0
8643.jpg	0
8644.jpg	0
8645.jpg	0
8646.jpg	0
8647.jpg	0
8648.jpg	0
8649.jpg	0
8650.jpg	0
8651.jpg	0
8652.jpg	0
8653.jpg	0
8654.jpg	0
8655.jpg	0
8656.jpg	0
8657.jpg	0
8658.jpg	0
8659.jpg	0
8660.jpg	0
8661.jpg	0
8662.jpg	0
8663.jpg	0
8664.jpg	0
8665.jpg	0
8666.jpg	0
8667.jpg	0
8668.jpg	0
8669.jpg	0
8670.jpg	0
8671.jpg	0
8672.jpg	0
8673.jpg	0
8674.jpg	0
8675.jpg	0
8676.jpg	0
8677.jpg	0
8678.jpg	0
8679.jpg	0
8680.jpg	0
8681.jpg	0
8682.jpg	0
8683.jpg	0
8684.jpg	0
8685.jpg	0
8686.jpg	0
8687.jpg	0
8688.jpg	0
8689.jpg	0
8690.jpg	0
8691.jpg	0
8692.jpg	0
8693.jpg	0
8694.jpg	0
8695.jpg	0
8696.jpg	0
8697.jpg	0
8698.jpg	0
8699.jpg	0
87.jpg  	0
8700.jpg	0
8701.jpg	0
8702.jpg	0
8703.jpg	0
8704.jpg	0
8705.jpg	0
8706.jpg	0
8707.jpg	0
8708.jpg	0
8709.jpg	0
8710.jpg	0
8711.jpg	0
8712.jpg	0
8713.jpg	0
8714.jpg	0
8715.jpg	0
8716.jpg	0
8717.jpg	0
8718.jpg	0
8719.jpg	0
8720.jpg	0
8721.jpg	0
8722.jpg	0
8723.jpg	0
8724.jpg	0
8725.jpg	0
8726.jpg	0
8727.jpg	0
8728.jpg	0
8729.jpg	0
8730.jpg	0
878.jpg 	0
879.jpg 	0
88.jpg  	0
880.jpg 	0
881.jpg 	0
882.jpg 	0
883.jpg 	0
884.jpg 	0
885.jpg 	0
886.jpg 	0
887.jpg 	0
888.jpg 	0
889.jpg 	0
89.jpg  	0
890.jpg 	0
891.jpg 	0
892.jpg 	0
893.jpg 	0
894.jpg 	0
895.jpg 	0
896.jpg 	0
897.jpg 	0
898.jpg 	0
899.jpg 	0
9.jpg   	0
90.jpg  	0
900.jpg 	0
901.jpg 	0
902.jpg 	0
903.jpg 	0
904.jpg 	0
905.jpg 	0
906.jpg 	0
907.jpg 	0
91.jpg  	0
92.jpg  	0
920.jpg 	0
921.jpg 	0
922.jpg 	0
923.jpg 	0
924.jpg 	0
925.jpg 	0
926.jpg 	0
927.jpg 	0
928.jpg 	0
929.jpg 	0
93.jpg  	0
930.jpg 	0
931.jpg 	0
932.jpg 	0
933.jpg 	0
934.jpg 	0
935.jpg 	0
936.jpg 	0
937.jpg 	0
938.jpg 	0
939.jpg 	0
94.jpg  	0
940.jpg 	0
941.jpg 	0
942.jpg 	0
943.jpg 	0
944.jpg 	0
945.jpg 	0
946.jpg 	0
947.jpg 	0
948.jpg 	0
949.jpg 	0
95.jpg  	0
950.jpg 	0
951.jpg 	0
952.jpg 	0
953.jpg 	0
954.jpg 	0
955.jpg 	0
956.jpg 	0
957.jpg 	0
958.jpg 	0
959.jpg 	0
96.jpg  	0
960.jpg 	0
961.jpg 	0
962.jpg 	0
963.jpg 	0
964.jpg 	0
965.jpg 	0
966.jpg 	0
967.jpg 	0
968.jpg 	0
969.jpg 	0
97.jpg  	0
970.jpg 	0
971.jpg 	0
972.jpg 	0
973.jpg 	0
974.jpg 	0
975.jpg 	0
976.jpg 	0
977.jpg 	0
978.jpg 	0
979.jpg 	0
98.jpg  	0
980.jpg 	0
981.jpg 	0
982.jpg 	0
983.jpg 	0
984.jpg 	0
985.jpg 	0
986.jpg 	0
987.jpg 	0
988.jpg 	0
989.jpg 	0
99.jpg  	0
990.jpg 	0
